Date,Temperatura (Celsius),HumedadRelativa (%),VelocidadViento (m/s),Lluvia (mm),Irradiacion (W/m2),EvapoTranspiracion (mm)
1/1/2015,"27,88","65,08","7,08","0,00","228,58","5,04"
2/1/2015,"28,06","66,21","6,47","0,00","231,17","4,86"
3/1/2015,"28,91","65,21","5,40","0,00","244,17","5,12"
4/1/2015,"28,13","67,88","6,61","0,00","182,38","4,13"
5/1/2015,"28,00","66,25","8,85","0,00","246,00","5,38"
6/1/2015,"27,68","68,00","7,40","0,00","189,46","4,23"
7/1/2015,"27,27","65,00","8,43","0,00","246,92","5,26"
8/1/2015,"27,38","64,46","7,97","0,00","247,04","5,36"
9/1/2015,"27,30","64,42","7,68","0,00","246,42","5,22"
10/1/2015,"27,80","64,38","7,68","0,00","245,08","5,24"
11/1/2015,"28,08","68,21","7,00","0,00","233,25","4,78"
12/1/2015,"28,94","66,71","6,07","0,00","243,21","5,09"
13/1/2015,"27,87","71,04","6,14","0,25","191,63","4,17"
14/1/2015,"28,60","63,08","5,27","0,00","251,67","5,33"
15/1/2015,"28,06","68,42","4,00","0,00","242,13","4,87"
16/1/2015,"27,61","68,50","7,07","0,00","201,79","4,31"
17/1/2015,"27,68","61,17","6,61","0,00","220,04","5,03"
18/1/2015,"27,22","62,92","4,87","0,00","246,67","5,21"
19/1/2015,"26,73","61,83","4,73","0,00","230,83","4,92"
20/1/2015,"25,92","71,33","3,60","0,00","182,58","3,85"
21/1/2015,"27,87","63,21","5,07","0,00","244,67","5,12"
22/1/2015,"27,05","64,50","4,07","0,00","153,79","3,48"
23/1/2015,"27,32","67,29","2,87","0,00","249,21","5,00"
24/1/2015,"26,51","67,83","3,40","0,00","255,42","5,08"
25/1/2015,"27,06","64,88","6,67","0,00","254,63","5,28"
26/1/2015,"27,22","62,04","6,28","0,00","260,96","5,50"
27/1/2015,"27,64","60,79","6,74","0,00","257,83","5,61"
28/1/2015,"26,41","61,13","5,88","0,00","257,04","5,46"
29/1/2015,"27,48","56,50","6,27","0,00","255,79","5,72"
30/1/2015,"27,01","62,96","6,56","0,00","256,54","5,53"
31/1/2015,"27,00","63,92","7,42","0,00","258,13","5,46"
1/2/2015,"28,15","62,32","6,34","0,00","247,32","5,48"
2/2/2015,"28,75","62,61","5,70","0,00","269,87","10,95"
3/2/2015,"28,44","60,88","6,68","0,00","258,17","5,73"
4/2/2015,"28,39","59,67","6,14","0,00","254,00","5,51"
5/2/2015,"27,60","67,58","4,47","0,00","257,71","5,23"
6/2/2015,"28,74","58,04","6,07","0,00","248,92","5,61"
7/2/2015,"28,12","62,46","6,40","0,00","245,50","5,19"
8/2/2015,"27,20","63,00","3,60","0,00","230,25","4,68"
9/2/2015,"25,93","73,00","1,40","0,00","238,46","4,41"
10/2/2015,"27,09","68,88","2,87","0,00","256,29","4,90"
11/2/2015,"27,83","61,13","4,53","0,00","261,92","5,40"
12/2/2015,"26,73","68,54","4,07","0,00","255,33","5,07"
13/2/2015,"27,54","62,29","5,07","0,00","261,21","5,43"
14/2/2015,"27,47","52,00","7,07","0,00","266,54","6,14"
15/2/2015,"27,80","54,63","6,20","0,00","265,29","5,94"
16/2/2015,"28,47","58,17","5,80","0,00","263,00","5,75"
17/2/2015,"27,84","61,13","3,13","0,00","250,42","5,26"
18/2/2015,"27,14","61,67","4,01","0,00","267,50","5,71"
19/2/2015,"28,66","56,88","8,70","0,00","271,50","6,36"
20/2/2015,"27,83","59,79","5,74","0,00","266,79","5,70"
21/2/2015,"26,64","65,54","6,03","0,00","266,63","5,50"
22/2/2015,"28,69","59,17","7,00","0,00","272,67","5,98"
23/2/2015,"28,78","60,71","5,81","0,00","237,21","5,35"
24/2/2015,"27,46","63,88","5,60","0,00","272,92","5,39"
25/2/2015,"28,01","59,29","3,00","0,00","273,71","5,56"
26/2/2015,"26,20","65,27","1,75","0,00","177,41","9,04"
27/2/2015,"27,28","64,25","4,40","0,00","271,33","5,71"
28/2/2015,"28,50","58,33","6,54","0,00","253,88","5,72"
1/3/2015,"28,28","64,00","7,75","0,00","174,46","4,40"
2/3/2015,"28,42","58,17","8,72","0,00","276,71","6,33"
3/3/2015,"28,42","56,13","7,34","0,00","281,54","6,25"
4/3/2015,"28,39","57,17","8,61","2,80","276,30","12,30"
5/3/2015,"29,22","55,88","8,79","0,00","273,67","6,56"
6/3/2015,"28,90","60,33","11,55","0,00","273,50","6,72"
7/3/2015,"28,06","58,00","13,83","0,00","274,17","6,92"
8/3/2015,"27,73","60,79","13,23","0,00","275,79","6,77"
9/3/2015,"28,08","60,83","12,17","0,00","275,83","6,70"
10/3/2015,"28,51","61,25","11,90","0,00","266,00","6,46"
11/3/2015,"28,73","65,13","12,57","0,00","274,17","6,52"
12/3/2015,"29,25","62,79","12,97","0,00","279,04","6,86"
13/3/2015,"28,58","59,75","14,77","0,00","282,29","7,13"
14/3/2015,"28,44","55,21","12,15","0,00","257,63","6,63"
15/3/2015,"28,45","60,13","10,82","0,00","268,88","6,45"
16/3/2015,"27,65","63,58","9,13","0,00","280,58","6,35"
17/3/2015,"28,37","51,75","11,76","0,00","276,83","7,01"
18/3/2015,"27,73","56,21","9,39","0,00","170,13","4,72"
19/3/2015,"27,73","56,67","3,80","0,00","279,58","5,87"
20/3/2015,"27,98","56,42","5,34","0,00","290,58","6,23"
21/3/2015,"27,76","55,46","4,61","0,00","291,96","6,28"
22/3/2015,"27,40","61,75","2,67","0,00","288,38","5,69"
23/3/2015,"27,73","60,71","3,20","0,00","262,00","5,48"
24/3/2015,"27,94","57,75","5,55","0,00","297,08","6,52"
25/3/2015,"29,07","52,00","6,42","0,00","297,33","6,80"
26/3/2015,"28,93","53,88","4,75","0,00","313,79","6,73"
27/3/2015,"28,26","56,67","2,73","0,00","284,17","5,84"
28/3/2015,"29,28","54,17","7,66","0,00","294,50","6,88"
29/3/2015,"29,59","51,54","8,65","0,00","290,67","7,04"
30/3/2015,"27,82","60,67","6,98","0,03","181,21","4,54"
31/3/2015,"28,29","58,71","9,13","0,00","272,21","6,35"
1/4/2015,"29,29","53,42","8,58","0,00","295,88","6,97"
2/4/2015,"29,29","53,17","8,58","0,00","298,83","7,02"
3/4/2015,"29,25","57,38","10,75","0,00","298,54","7,06"
4/4/2015,"29,26","58,67","12,43","0,00","296,25","7,23"
5/4/2015,"29,40","57,33","12,09","0,00","298,67","7,26"
6/4/2015,"29,06","56,46","11,76","0,00","299,21","7,39"
7/4/2015,"29,08","53,67","11,37","0,00","300,17","7,39"
8/4/2015,"29,28","52,92","10,88","0,00","292,67","7,33"
9/4/2015,"29,29","57,79","9,93","0,00","298,63","7,12"
10/4/2015,"29,67","57,96","10,35","0,00","296,50","7,05"
11/4/2015,"29,05","60,67","11,43","0,00","202,38","5,56"
12/4/2015,"29,43","60,13","8,25","0,00","272,88","6,37"
13/4/2015,"29,40","64,04","8,11","0,00","296,54","6,54"
14/4/2015,"29,54","63,21","7,23","0,00","277,54","6,21"
15/4/2015,"29,03","64,83","6,57","0,00","187,00","4,55"
16/4/2015,"30,08","58,50","7,57","0,00","289,00","6,30"
17/4/2015,"29,09","61,54","6,09","0,00","283,83","6,17"
18/4/2015,"29,63","61,25","4,95","0,00","292,38","6,30"
19/4/2015,"29,17","64,71","4,95","0,00","247,13","5,44"
20/4/2015,"29,10","66,33","2,47","0,00","260,08","5,23"
21/4/2015,"29,25","63,38","4,28","0,00","256,42","5,45"
22/4/2015,"29,88","62,88","7,98","0,00","284,08","6,27"
23/4/2015,"29,61","60,96","9,66","0,00","240,79","5,92"
24/4/2015,"29,41","56,75","9,06","0,00","294,71","6,87"
25/4/2015,"28,03","60,50","2,73","0,00","209,92","4,47"
26/4/2015,"28,42","63,58","2,27","0,00","259,46","5,25"
27/4/2015,"29,55","68,25","1,73","0,00","262,21","5,12"
28/4/2015,"30,62","73,21","1,87","0,00","243,63","4,62"
29/4/2015,"29,19","79,67","1,80","1,52","175,42","3,31"
30/4/2015,"27,54","81,67","0,93","0,00","128,54","2,28"
1/5/2015,"28,90","72,13","3,34","0,00","231,88","4,69"
2/5/2015,"29,57","62,33","5,16","0,00","281,33","6,13"
3/5/2015,"29,23","59,75","4,88","0,00","280,54","6,08"
4/5/2015,"29,28","59,33","6,09","0,00","251,58","5,69"
5/5/2015,"29,47","56,21","5,01","0,00","268,71","5,93"
6/5/2015,"28,93","67,46","2,47","0,76","230,08","4,64"
7/5/2015,"30,04","65,25","4,75","0,25","275,67","5,74"
8/5/2015,"31,08","58,13","8,37","0,00","290,42","6,72"
9/5/2015,"29,94","61,13","7,45","0,00","273,58","6,29"
10/5/2015,"30,71","59,33","9,06","0,00","287,29","6,81"
11/5/2015,"30,55","59,54","9,73","0,00","286,83","6,74"
12/5/2015,"30,43","61,25","9,73","0,00","277,79","6,61"
13/5/2015,"30,03","61,92","12,43","0,00","256,13","6,45"
14/5/2015,"30,24","59,25","12,97","0,00","279,67","7,14"
15/5/2015,"29,19","62,58","10,21","0,00","188,38","5,00"
16/5/2015,"27,59","68,92","4,96","0,51","227,50","4,87"
17/5/2015,"27,90","71,21","4,22","0,00","255,67","5,20"
18/5/2015,"29,64","61,50","8,18","0,00","255,42","5,83"
19/5/2015,"28,88","64,33","7,58","0,00","199,83","4,84"
20/5/2015,"28,55","65,79","5,84","0,00","201,46","4,73"
21/5/2015,"29,57","63,50","5,08","0,00","257,71","5,54"
22/5/2015,"29,52","64,38","7,37","0,00","282,83","6,13"
23/5/2015,"30,11","61,33","9,27","0,00","285,04","6,53"
24/5/2015,"28,88","65,63","6,70","0,76","162,88","4,01"
25/5/2015,"29,64","63,08","5,96","0,00","263,33","5,81"
26/5/2015,"28,87","66,75","8,31","1,52","243,63","5,49"
27/5/2015,"28,90","62,88","7,52","0,00","251,67","5,77"
28/5/2015,"29,19","54,08","6,76","0,00","268,25","6,31"
29/5/2015,"28,49","55,71","3,67","0,00","268,33","5,74"
30/5/2015,"28,38","63,50","2,60","0,00","261,96","5,27"
31/5/2015,"29,38","65,67","3,53","0,00","244,13","5,07"
1/6/2015,"30,21","65,58","3,60","0,00","266,79","5,42"
2/6/2015,"29,43","74,50","1,80","0,00","209,25","4,09"
3/6/2015,"26,78","86,17","1,47","14,47","135,67","2,45"
4/6/2015,"26,72","88,54","1,27","24,13","153,96","2,70"
5/6/2015,"26,48","89,79","0,93","5,33","158,67","2,74"
6/6/2015,"26,04","89,54","1,33","15,48","150,96","2,62"
7/6/2015,"27,16","87,04","1,20","1,00","197,29","3,33"
8/6/2015,"26,23","84,75","1,60","1,51","110,96","2,02"
9/6/2015,"26,42","85,96","1,53","2,54","192,13","3,48"
10/6/2015,"25,70","89,75","1,27","2,03","139,79","2,43"
11/6/2015,"25,99","88,75","1,80","57,40","161,75","2,86"
12/6/2015,"27,52","83,50","1,47","0,00","206,04","3,67"
13/6/2015,"27,60","83,46","1,00","0,75","205,88","3,59"
14/6/2015,"28,79","74,04","5,23","0,25","274,00","9,01"
15/6/2015,"28,72","71,96","5,62","0,00","277,08","14,43"
16/6/2015,"29,75","68,00","8,53","0,00","274,21","5,43"
17/6/2015,"29,58","68,33","8,18","0,00","251,46","5,80"
18/6/2015,"28,83","73,29","5,15","0,00","175,83","5,48"
19/6/2015,"29,48","69,83","9,88","0,00","213,63","3,75"
20/6/2015,"29,78","68,50","9,66","0,00","258,17","4,96"
21/6/2015,"28,22","71,96","8,38","0,76","137,17","5,75"
22/6/2015,"29,47","63,67","11,56","0,00","287,42","3,37"
23/6/2015,"29,19","67,92","11,36","0,00","247,54","6,70"
24/6/2015,"30,08","67,21","10,62","0,00","283,58","5,75"
25/6/2015,"30,46","65,88","11,10","0,00","286,67","6,21"
26/6/2015,"30,19","66,96","11,43","0,00","286,21","6,53"
27/6/2015,"29,66","63,25","12,03","0,00","260,17","6,56"
28/6/2015,"29,60","69,38","7,44","0,51","232,67","6,32"
29/6/2015,"28,64","73,83","5,15","0,00","172,54","5,18"
30/6/2015,"28,05","71,71","9,13","0,25","237,42","3,76"
1/7/2015,"29,65","59,83","11,16","0,00","287,63","5,28"
2/7/2015,"30,00","64,17","10,27","0,00","290,75","6,76"
3/7/2015,"29,56","66,17","11,43","0,00","284,83","6,56"
4/7/2015,"29,67","63,21","11,90","0,00","278,63","6,42"
5/7/2015,"30,12","65,50","9,94","0,00","264,79","6,75"
6/7/2015,"29,56","65,79","9,95","0,00","251,42","5,93"
7/7/2015,"26,55","79,29","5,83","5,58","134,04","5,86"
8/7/2015,"27,33","75,50","4,95","1,52","186,54","2,98"
9/7/2015,"26,62","78,88","2,00","3,05","159,92","3,93"
10/7/2015,"27,42","78,04","3,27","6,86","188,88","3,09"
11/7/2015,"26,68","80,33","4,63","0,25","158,79","3,79"
12/7/2015,"28,21","66,75","7,35","0,00","138,21","3,28"
13/7/2015,"27,91","69,13","4,07","0,00","175,71","3,60"
14/7/2015,"27,44","74,04","1,60","0,00","149,00","3,79"
15/7/2015,"28,85","67,46","6,30","0,00","288,33","2,85"
16/7/2015,"28,98","68,67","4,48","0,00","260,71","6,18"
17/7/2015,"28,81","68,63","4,89","0,00","233,38","5,32"
18/7/2015,"26,79","77,88","1,00","0,00","164,25","4,78"
19/7/2015,"27,39","75,67","3,75","0,25","222,54","3,07"
20/7/2015,"28,30","65,42","6,50","0,00","247,92","4,42"
21/7/2015,"28,12","65,58","3,80","0,00","255,21","5,39"
22/7/2015,"28,07","70,50","3,88","0,00","214,21","5,20"
23/7/2015,"26,60","78,08","2,33","0,00","111,13","4,56"
24/7/2015,"28,53","70,67","6,71","0,00","217,38","2,25"
25/7/2015,"30,04","62,13","11,50","0,00","281,92","4,93"
26/7/2015,"30,03","59,29","10,48","0,00","287,13","6,74"
27/7/2015,"29,39","62,92","8,72","0,00","249,92","6,81"
28/7/2015,"29,55","66,33","8,86","0,00","241,83","5,82"
29/7/2015,"28,44","68,38","6,62","0,00","160,17","5,54"
30/7/2015,"27,85","71,17","5,30","0,00","240,21","3,84"
31/7/2015,"29,08","60,13","8,05","0,00","263,92","5,02"
1/8/2015,"29,43","63,79","4,87","0,00","219,96","6,01"
2/8/2015,"29,95","66,13","7,31","0,00","297,13","4,90"
3/8/2015,"29,67","64,29","10,74","0,00","278,33","6,12"
4/8/2015,"29,98","60,58","11,83","0,00","289,83","6,25"
5/8/2015,"30,40","63,83","11,70","0,00","288,21","6,97"
6/8/2015,"29,75","66,54","11,15","0,00","253,75","6,86"
7/8/2015,"30,22","64,04","8,04","0,00","288,92","6,04"
8/8/2015,"29,77","66,88","3,34","0,00","230,21","6,34"
9/8/2015,"28,83","73,04","3,48","0,00","258,08","4,81"
10/8/2015,"27,45","78,63","2,47","1,27","160,29","5,09"
11/8/2015,"27,70","73,33","4,27","0,00","221,33","3,11"
12/8/2015,"29,23","63,83","7,77","0,00","199,63","4,49"
13/8/2015,"30,17","58,96","6,77","0,00","280,42","4,85"
14/8/2015,"29,23","64,17","6,62","0,00","245,88","6,33"
15/8/2015,"28,90","66,33","4,07","0,00","172,50","5,33"
16/8/2015,"27,53","74,79","3,28","0,00","159,67","3,95"
17/8/2015,"29,57","65,71","6,10","0,00","224,08","3,35"
18/8/2015,"29,47","66,65","5,42","1,52","193,42","5,03"
19/8/2015,"29,61","65,50","6,37","0,00","273,63","4,25"
20/8/2015,"29,87","61,96","8,38","0,00","263,71","5,61"
21/8/2015,"29,63","64,42","7,04","0,00","218,00","5,86"
22/8/2015,"28,86","70,96","4,62","0,00","226,38","5,02"
23/8/2015,"29,14","72,17","5,49","0,00","255,96","4,83"
24/8/2015,"29,96","60,50","9,33","0,00","270,42","5,21"
25/8/2015,"28,41","65,42","3,75","0,00","255,96","6,34"
26/8/2015,"29,35","66,46","3,80","0,00","272,29","5,32"
27/8/2015,"28,81","66,29","3,94","0,00","217,79","5,58"
28/8/2015,"29,98","63,13","4,08","0,00","235,96","4,84"
29/8/2015,"30,08","63,71","6,31","0,00","290,17","5,08"
30/8/2015,"28,36","76,88","2,00","6,85","202,29","6,41"
31/8/2015,"25,93","90,00","0,80","24,13","133,50","3,97"
1/9/2015,"27,17","76,08","2,68","1,27","210,83","2,47"
2/9/2015,"27,71","70,63","1,93","0,00","191,96","4,07"
3/9/2015,"27,85","69,38","2,60","0,00","217,92","3,89"
4/9/2015,"27,55","74,13","1,47","0,00","187,67","4,30"
5/9/2015,"28,79","72,17","3,47","0,00","295,17","3,73"
6/9/2015,"28,26","66,08","4,75","0,00","201,25","5,66"
7/9/2015,"29,89","62,54","6,22","0,00","253,79","4,56"
8/9/2015,"29,12","66,83","7,03","0,00","213,00","5,70"
9/9/2015,"29,25","68,83","5,76","0,00","258,92","4,80"
10/9/2015,"27,09","77,50","2,27","0,25","108,67","5,66"
11/9/2015,"27,82","72,50","2,87","0,00","171,29","2,22"
12/9/2015,"26,68","82,79","1,13","25,64","144,92","3,63"
13/9/2015,"27,49","82,42","1,20","0,50","218,33","2,94"
14/9/2015,"28,16","76,46","3,40","0,00","243,08","3,88"
15/9/2015,"29,26","71,46","3,20","0,00","244,50","4,49"
16/9/2015,"29,78","69,25","4,62","0,00","277,75","4,75"
17/9/2015,"28,01","75,46","2,47","0,00","268,50","5,69"
18/9/2015,"25,90","88,75","0,80","22,59","183,29","5,11"
19/9/2015,"26,38","88,71","0,60","12,45","188,25","3,10"
20/9/2015,"28,81","78,33","1,93","0,00","270,13","3,20"
21/9/2015,"27,80","80,83","1,80","22,09","236,29","4,82"
22/9/2015,"26,45","86,63","1,13","0,00","189,92","4,21"
23/9/2015,"25,20","92,50","0,60","25,14","116,79","3,22"
24/9/2015,"25,73","89,96","0,60","2,28","198,67","1,95"
25/9/2015,"26,24","89,75","0,47","3,56","202,71","3,24"
26/9/2015,"27,26","86,67","0,53","0,25","179,67","3,33"
27/9/2015,"26,50","90,42","0,87","51,82","178,42","3,08"
28/9/2015,"27,08","87,38","0,20","0,25","195,25","3,00"
29/9/2015,"28,55","82,33","0,87","0,00","258,63","3,29"
30/9/2015,"26,56","86,83","0,73","3,56","195,58","4,43"
1/10/2015,"26,75","85,71","0,93","10,41","255,58","3,21"
2/10/2015,"25,96","87,29","0,60","0,25","202,25","4,25"
3/10/2015,"25,95","88,21","1,00","16,51","209,04","3,27"
4/10/2015,"27,18","85,21","0,60","0,25","244,63","3,31"
5/10/2015,"28,07","76,21","2,27","0,00","255,96","4,03"
6/10/2015,"28,65","72,83","4,87","0,00","190,38","4,74"
7/10/2015,"28,63","72,50","3,94","0,00","216,67","4,01"
8/10/2015,"28,17","75,75","3,00","0,50","266,83","4,44"
9/10/2015,"27,25","79,54","3,00","0,00","174,33","4,94"
10/10/2015,"27,67","77,33","2,73","0,00","233,29","3,33"
11/10/2015,"27,16","81,33","2,00","5,07","204,42","4,27"
12/10/2015,"25,19","92,38","0,27","2,03","136,21","3,68"
13/10/2015,"26,52","86,50","0,67","0,00","229,67","2,24"
14/10/2015,"26,68","87,92","0,80","25,15","207,33","3,78"
15/10/2015,"26,83","87,17","0,67","27,95","220,58","3,38"
16/10/2015,"26,39","88,58","0,93","83,55","250,46","3,63"
17/10/2015,"26,23","89,08","0,47","8,12","198,75","4,08"
18/10/2015,"26,40","89,71","0,53","0,50","215,79","3,28"
19/10/2015,"26,62","90,46","0,67","31,50","177,63","3,41"
20/10/2015,"26,32","92,25","0,53","24,14","125,33","2,90"
21/10/2015,"25,70","93,79","0,07","28,18","142,42","2,17"
22/10/2015,"27,70","80,79","2,13","0,25","257,88","2,36"
23/10/2015,"27,28","85,04","0,47","7,37","214,92","4,65"
24/10/2015,"26,25","92,33","0,13","12,70","148,33","3,66"
25/10/2015,"26,17","90,21","0,47","38,60","198,83","2,42"
26/10/2015,"26,34","89,29","0,80","5,08","217,88","3,24"
27/10/2015,"25,23","91,71","0,20","43,68","194,54","3,48"
28/10/2015,"25,81","90,00","0,00","55,88","210,79","3,08"
29/10/2015,"26,95","87,58","0,07","0,25","236,13","3,52"
30/10/2015,"26,84","87,13","0,20","0,00","212,29","3,78"
31/10/2015,"27,50","80,96","1,33","0,00","242,71","3,49"
1/11/2015,"26,52","88,25","0,33","7,37","189,67","4,13"
2/11/2015,"26,21","90,88","0,13","3,05","176,92","3,15"
3/11/2015,"26,35","88,29","0,40","6,60","226,04","2,91"
4/11/2015,"26,28","88,54","0,27","1,77","210,88","3,67"
5/11/2015,"25,19","93,25","0,13","22,85","141,96","3,41"
6/11/2015,"26,53","88,25","0,20","0,00","229,83","2,25"
7/11/2015,"27,34","81,29","1,53","0,00","229,25","3,73"
8/11/2015,"27,20","82,63","1,40","0,00","206,75","3,86"
9/11/2015,"27,14","84,42","1,53","0,51","244,75","3,51"
10/11/2015,"26,05","88,42","1,20","1,78","207,38","4,09"
11/11/2015,"26,26","88,79","0,47","2,28","187,46","3,45"
12/11/2015,"26,69","87,13","0,27","0,25","204,88","3,08"
13/11/2015,"27,35","86,13","0,40","0,00","194,75","3,36"
14/11/2015,"27,87","79,42","2,20","0,00","214,46","3,27"
15/11/2015,"27,11","82,58","1,93","0,00","207,88","3,99"
16/11/2015,"26,51","88,92","0,40","17,52","195,25","3,74"
17/11/2015,"25,37","92,50","0,67","3,55","124,96","3,16"
18/11/2015,"26,13","88,75","0,13","7,36","220,33","2,06"
19/11/2015,"26,44","90,25","0,07","12,69","173,88","3,53"
20/11/2015,"25,72","93,50","0,07","29,71","129,17","2,75"
21/11/2015,"26,16","90,29","0,40","12,95","190,33","2,14"
22/11/2015,"25,43","89,58","0,73","0,25","120,71","3,12"
23/11/2015,"26,79","78,00","4,21","0,00","221,29","2,12"
24/11/2015,"27,94","68,63","6,08","0,00","220,50","4,23"
25/11/2015,"26,94","74,38","5,23","0,00","234,42","4,61"
26/11/2015,"28,22","71,33","8,93","0,00","213,46","4,66"
27/11/2015,"28,15","69,21","6,49","0,00","233,71","4,63"
28/11/2015,"27,83","71,88","4,75","0,00","236,54","4,80"
29/11/2015,"27,19","68,33","4,09","0,00","237,33","4,71"
30/11/2015,"25,71","75,83","0,93","0,00","236,42","4,77"
1/12/2015,"26,54","74,38","2,00","0,00","237,29","4,13"
2/12/2015,"25,99","79,38","0,53","0,00","236,75","4,36"
3/12/2015,"27,26","77,42","2,73","0,00","231,21","4,03"
4/12/2015,"28,40","75,08","7,33","0,00","236,13","4,30"
5/12/2015,"27,20","76,46","6,78","0,00","125,29","4,98"
6/12/2015,"28,38","70,83","10,48","0,00","178,75","2,84"
7/12/2015,"28,90","66,04","10,36","0,00","226,58","4,36"
8/12/2015,"27,20","75,67","3,75","0,00","225,88","5,35"
9/12/2015,"27,36","76,88","3,00","0,00","223,08","4,43"
10/12/2015,"26,77","81,33","2,81","0,00","209,79","4,22"
11/12/2015,"27,52","78,04","4,28","0,00","216,79","3,89"
12/12/2015,"28,78","70,08","5,00","0,00","217,13","4,16"
13/12/2015,"27,75","76,42","1,60","0,00","218,54","4,54"
14/12/2015,"27,08","80,25","0,60","0,00","213,17","4,10"
15/12/2015,"27,06","80,08","0,93","0,00","214,13","3,58"
16/12/2015,"26,70","81,54","0,80","0,00","220,67","3,66"
17/12/2015,"26,81","78,88","1,47","0,00","223,75","3,76"
18/12/2015,"27,37","73,00","3,88","0,00","226,33","3,97"
19/12/2015,"28,52","70,08","8,11","0,00","222,25","4,51"
20/12/2015,"28,71","70,13","12,36","0,00","197,08","4,84"
21/12/2015,"28,96","65,08","12,23","0,00","219,00","4,76"
22/12/2015,"28,75","66,75","9,00","0,00","221,96","5,49"
23/12/2015,"27,27","76,67","3,13","0,00","204,92","5,27"
24/12/2015,"28,32","73,58","6,65","0,00","215,50","3,89"
25/12/2015,"28,70","68,04","10,83","0,00","218,67","4,60"
26/12/2015,"28,84","67,00","10,68","0,00","220,96","5,00"
27/12/2015,"28,58","67,33","6,50","0,00","219,38","5,17"
28/12/2015,"27,79","71,04","4,35","0,00","219,25","4,82"
29/12/2015,"27,55","71,38","4,53","0,00","220,21","4,56"
30/12/2015,"29,07","68,67","10,14","0,00","219,92","4,43"
31/12/2015,"29,13","67,79","11,90","0,00","222,79","5,08"
1/1/2016,"29,08","62,00","12,30","0,00","224,71","5,36"
2/1/2016,"28,61","63,00","10,70","0,00","226,17","5,79"
3/1/2016,"28,29","67,38","5,21","0,00","224,67","5,60"
4/1/2016,"27,68","71,83","3,74","0,00","225,54","4,73"
5/1/2016,"28,10","69,88","5,35","0,00","225,96","4,43"
6/1/2016,"27,89","69,29","6,90","0,00","222,17","4,82"
7/1/2016,"27,95","69,25","4,81","0,00","226,13","4,77"
8/1/2016,"27,01","72,21","3,68","0,00","228,58","4,63"
9/1/2016,"26,78","74,13","1,00","0,00","230,88","4,58"
10/1/2016,"27,03","69,42","4,96","0,00","235,33","4,18"
11/1/2016,"27,85","55,08","6,15","0,00","240,13","4,91"
12/1/2016,"25,57","67,42","5,10","0,00","231,00","5,54"
13/1/2016,"26,98","67,04","4,49","0,00","229,17","4,98"
14/1/2016,"26,38","72,71","1,47","0,00","215,21","4,80"
15/1/2016,"26,30","68,42","2,67","0,00","236,04","4,00"
16/1/2016,"25,24","71,79","1,87","0,00","236,29","4,72"
17/1/2016,"27,40","72,29","4,15","0,00","236,63","4,50"
18/1/2016,"28,17","61,75","10,88","0,00","232,25","4,72"
19/1/2016,"27,17","64,00","13,30","0,00","230,83","5,68"
20/1/2016,"27,79","63,46","9,73","0,00","235,21","5,72"
21/1/2016,"27,13","66,67","6,17","0,00","234,21","5,50"
22/1/2016,"27,77","65,46","4,68","0,00","237,46","5,18"
23/1/2016,"27,45","61,54","12,10","0,00","233,38","5,10"
24/1/2016,"26,78","54,88","9,52","0,00","234,63","5,83"
25/1/2016,"27,43","63,00","7,18","0,00","239,33","5,84"
26/1/2016,"27,13","70,21","5,84","0,00","239,71","5,40"
27/1/2016,"27,06","68,71","3,20","0,00","245,75","5,00"
28/1/2016,"26,94","67,25","3,40","0,00","244,50","4,99"
29/1/2016,"28,30","60,75","8,93","0,00","239,71","4,95"
30/1/2016,"27,94","62,92","7,92","0,00","243,67","5,87"
31/1/2016,"28,00","64,54","5,02","0,00","246,29","5,54"
1/2/2016,"28,07","62,58","7,70","0,00","247,63","5,29"
2/2/2016,"26,63","66,00","1,73","0,00","228,71","5,57"
3/2/2016,"26,81","66,46","1,60","0,00","249,50","4,62"
4/2/2016,"26,84","67,25","5,03","0,00","249,46","4,83"
5/2/2016,"27,69","60,54","12,08","0,00","249,54","5,23"
6/2/2016,"28,19","54,83","12,03","0,00","254,46","6,14"
7/2/2016,"27,93","58,08","13,37","0,00","254,04","6,62"
8/2/2016,"27,35","59,67","11,97","0,00","257,00","6,53"
9/2/2016,"27,88","57,79","8,85","0,00","251,58","6,39"
10/2/2016,"26,67","54,71","11,68","0,00","222,38","6,01"
11/2/2016,"26,98","59,08","13,02","0,00","250,25","5,95"
12/2/2016,"27,96","60,67","11,83","0,00","253,00","6,35"
13/2/2016,"27,98","63,54","13,77","0,00","257,50","6,23"
14/2/2016,"27,98","61,75","12,57","0,00","252,83","6,38"
15/2/2016,"29,10","59,17","9,39","0,00","257,13","6,29"
16/2/2016,"28,04","65,92","6,78","0,00","258,46","6,24"
17/2/2016,"29,00","61,58","9,60","0,00","258,58","5,71"
18/2/2016,"29,22","62,42","12,23","0,00","255,08","6,22"
19/2/2016,"28,44","63,21","14,10","0,00","260,25","6,36"
20/2/2016,"28,38","62,13","13,63","0,00","265,42","6,59"
21/2/2016,"28,72","62,29","11,42","0,00","265,92","6,63"
22/2/2016,"29,33","59,83","8,91","0,00","265,00","6,48"
23/2/2016,"28,90","64,33","3,40","0,00","262,79","6,22"
24/2/2016,"28,37","65,13","2,27","0,00","247,00","5,45"
25/2/2016,"28,51","61,25","8,72","0,00","268,63","4,89"
26/2/2016,"28,73","58,38","0,00","0,00","262,92","6,46"
27/2/2016,"28,58","57,83","9,13","0,00","271,13","4,74"
28/2/2016,"28,10","60,88","10,94","0,00","270,63","6,45"
29/2/2016,"27,73","62,46","6,24","0,00","265,63","6,44"
1/3/2016,"27,94","60,83","6,92","0,00","261,42","5,81"
2/3/2016,"28,10","62,00","7,86","0,00","266,79","5,96"
3/3/2016,"28,75","59,63","10,13","0,00","257,38","6,14"
4/3/2016,"28,99","60,33","6,31","0,00","272,25","6,28"
5/3/2016,"29,33","58,63","7,58","0,00","246,17","6,14"
6/3/2016,"28,92","61,00","6,44","0,00","258,54","5,90"
7/3/2016,"29,29","60,46","4,00","0,50","254,58","5,78"
8/3/2016,"29,60","57,42","4,95","0,00","265,33","5,36"
9/3/2016,"29,66","58,46","4,81","0,00","281,33","5,90"
10/3/2016,"30,00","58,96","4,67","0,00","280,42","6,10"
11/3/2016,"29,48","63,38","5,34","0,00","241,33","6,07"
12/3/2016,"29,66","59,96","7,23","0,00","280,00","5,19"
13/3/2016,"29,03","57,25","4,00","0,00","283,00","6,08"
14/3/2016,"28,55","55,08","4,29","0,00","286,42","5,95"
15/3/2016,"28,10","53,88","6,45","0,00","287,79","6,19"
16/3/2016,"29,31","51,21","5,55","0,00","287,17","6,64"
17/3/2016,"28,16","58,83","1,80","0,00","258,00","6,41"
18/3/2016,"27,52","68,76","1,14","0,00","140,86","5,19"
19/3/2016,"29,36","66,00","2,07","0,00","270,13","8,00"
20/3/2016,"29,68","64,21","5,02","0,00","265,63","5,36"
21/3/2016,"30,17","55,79","9,93","0,00","265,54","5,78"
22/3/2016,"29,63","57,29","13,83","0,00","278,38","6,68"
23/3/2016,"29,87","58,08","12,37","0,00","278,00","7,35"
24/3/2016,"30,02","56,63","7,86","0,00","277,75","6,93"
25/3/2016,"30,12","56,83","7,57","0,00","279,92","6,52"
26/3/2016,"30,58","58,04","7,70","0,00","262,42","6,46"
27/3/2016,"30,82","56,96","4,93","0,00","275,00","6,18"
28/3/2016,"30,22","58,13","5,56","0,00","278,33","6,13"
29/3/2016,"30,33","55,79","5,75","0,00","273,42","6,33"
30/3/2016,"29,73","53,00","1,67","0,00","281,04","6,29"
31/3/2016,"29,92","63,21","1,80","0,00","262,46","5,72"
1/4/2016,"27,73","75,96","1,20","3,55","162,42","5,25"
2/4/2016,"28,63","69,29","1,67","0,00","283,13","3,33"
3/4/2016,"30,05","64,46","4,40","0,00","262,00","5,30"
4/4/2016,"30,03","57,92","9,00","0,00","279,79","5,54"
5/4/2016,"29,88","56,71","11,00","0,00","287,75","6,65"
6/4/2016,"30,25","55,13","10,89","0,00","287,21","7,14"
7/4/2016,"30,21","53,17","12,23","0,00","291,50","7,09"
8/4/2016,"30,11","54,88","11,96","0,00","289,00","7,56"
9/4/2016,"30,20","52,92","12,55","0,00","296,79","7,47"
10/4/2016,"30,14","52,96","11,69","0,00","294,04","7,87"
11/4/2016,"30,17","52,71","10,95","0,00","291,54","7,56"
12/4/2016,"29,33","53,88","4,95","0,00","297,58","7,38"
13/4/2016,"29,66","62,13","3,00","0,00","216,58","6,67"
14/4/2016,"29,18","62,42","3,47","0,00","261,13","4,78"
15/4/2016,"29,28","56,67","3,27","0,00","262,83","5,47"
16/4/2016,"29,45","57,08","1,60","0,00","228,13","5,54"
17/4/2016,"30,16","59,33","1,73","0,00","219,79","4,75"
18/4/2016,"29,78","61,46","5,29","0,00","254,42","4,68"
19/4/2016,"31,01","53,67","6,69","0,00","267,67","5,78"
20/4/2016,"30,53","53,17","6,85","0,00","295,54","6,36"
21/4/2016,"30,76","52,17","4,54","0,00","266,67","6,90"
22/4/2016,"31,50","52,42","4,81","0,00","291,25","6,11"
23/4/2016,"30,18","61,50","2,60","0,00","181,17","6,63"
24/4/2016,"30,33","68,29","2,73","0,00","174,17","3,96"
25/4/2016,"30,57","67,21","2,53","0,00","217,46","3,77"
26/4/2016,"29,24","73,83","1,40","18,28","209,08","4,58"
27/4/2016,"28,22","80,75","1,07","0,00","153,38","4,05"
28/4/2016,"27,35","86,67","0,53","7,61","111,58","2,84"
29/4/2016,"28,69","79,29","1,33","14,22","239,83","2,09"
30/4/2016,"28,29","82,88","0,73","0,25","224,67","4,23"
1/5/2016,"27,75","82,67","0,73","4,82","146,21","3,80"
2/5/2016,"27,56","84,71","1,13","65,54","209,33","2,66"
3/5/2016,"26,98","85,33","1,33","1,26","201,83","3,62"
4/5/2016,"27,90","83,29","0,00","0,00","205,33","3,37"
5/5/2016,"25,99","89,57","0,35","0,25","91,96","3,46"
6/5/2016,"26,40","87,12","0,58","0,00","131,96","4,89"
7/5/2016,"29,18","59,83","4,13","0,00","237,79","2,39"
8/5/2016,"28,85","60,29","4,67","0,00","257,21","5,12"
9/5/2016,"28,40","68,58","1,60","0,00","279,58","5,44"
10/5/2016,"28,50","70,71","1,47","0,00","278,50","5,25"
11/5/2016,"28,53","70,75","2,00","0,00","253,38","5,17"
12/5/2016,"29,33","67,17","5,62","0,25","222,96","4,95"
13/5/2016,"30,72","60,00","8,98","0,00","291,42","4,94"
14/5/2016,"29,84","63,04","6,98","0,00","295,58","6,40"
15/5/2016,"29,49","68,00","4,63","0,00","248,04","6,45"
16/5/2016,"29,69","70,17","3,87","0,00","268,79","5,22"
17/5/2016,"29,33","74,71","2,94","22,35","270,08","5,40"
18/5/2016,"27,75","83,17","1,93","0,25","156,21","5,09"
19/5/2016,"28,68","78,38","2,55","0,00","237,08","2,87"
20/5/2016,"28,17","79,83","3,40","0,00","161,04","4,42"
21/5/2016,"29,89","69,04","7,71","0,00","249,33","3,18"
22/5/2016,"30,13","65,42","3,74","0,00","296,29","5,37"
23/5/2016,"29,20","75,92","1,73","0,00","250,21","5,99"
24/5/2016,"30,10","72,67","2,87","0,00","266,38","4,68"
25/5/2016,"30,21","70,50","4,22","0,00","276,67","5,21"
26/5/2016,"29,83","70,75","2,67","0,00","234,21","5,65"
27/5/2016,"27,34","82,25","1,53","2,54","225,63","4,73"
28/5/2016,"26,51","87,92","1,20","5,33","149,67","3,93"
29/5/2016,"27,50","85,13","0,67","28,69","233,58","2,57"
30/5/2016,"26,40","90,25","0,53","27,42","157,25","3,88"
31/5/2016,"25,47","92,46","0,47","28,69","145,67","2,49"
1/6/2016,"25,84","91,00","0,47","0,50","157,54","2,31"
2/6/2016,"26,22","90,38","0,87","18,02","192,42","2,56"
3/6/2016,"26,25","88,38","1,00","9,14","199,58","3,17"
4/6/2016,"25,94","91,58","1,13","4,06","161,63","3,29"
5/6/2016,"24,28","96,67","0,20","25,39","57,50","2,82"
6/6/2016,"26,32","89,04","1,00","1,25","258,08","0,86"
7/6/2016,"26,19","91,75","0,53","28,95","169,92","4,19"
8/6/2016,"26,08","91,92","0,73","21,85","198,50","2,97"
9/6/2016,"26,15","88,04","0,13","2,54","227,04","3,23"
10/6/2016,"26,35","86,17","2,20","16,00","234,92","3,64"
11/6/2016,"24,79","93,63","0,40","9,14","130,13","4,04"
12/6/2016,"26,25","87,58","1,13","0,25","166,75","2,06"
13/6/2016,"26,83","80,71","3,47","16,76","212,63","2,86"
14/6/2016,"25,82","86,54","1,07","9,90","207,33","4,05"
15/6/2016,"25,02","92,21","0,40","43,17","140,75","3,47"
16/6/2016,"25,89","88,46","0,07","33,53","238,67","2,39"
17/6/2016,"26,90","85,33","1,87","0,25","196,75","3,87"
18/6/2016,"26,25","87,50","0,20","10,92","210,50","3,37"
19/6/2016,"27,88","80,17","2,73","0,00","260,50","3,42"
20/6/2016,"27,10","80,46","2,27","0,25","152,00","4,62"
21/6/2016,"26,62","82,08","3,20","1,00","189,42","2,81"
22/6/2016,"26,65","86,79","1,27","8,88","235,29","3,50"
23/6/2016,"26,71","85,08","2,40","0,25","154,17","4,04"
24/6/2016,"27,63","81,67","3,94","0,76","185,71","2,82"
25/6/2016,"25,93","85,00","2,27","3,80","118,21","3,67"
26/6/2016,"27,28","78,08","3,60","6,60","192,92","2,16"
27/6/2016,"27,84","74,83","3,20","0,00","271,46","3,80"
28/6/2016,"28,33","74,17","4,69","0,00","293,75","5,09"
29/6/2016,"28,67","73,75","5,75","0,00","281,83","5,69"
30/6/2016,"28,62","76,96","3,73","6,10","215,38","5,57"
1/7/2016,"26,12","89,58","1,07","4,05","137,25","4,29"
2/7/2016,"25,29","85,38","2,41","0,00","103,67","2,26"
3/7/2016,"27,08","78,54","3,07","0,00","208,58","3,99"
4/7/2016,"28,14","70,96","7,51","0,00","191,50","4,29"
5/7/2016,"28,90","70,79","4,81","0,00","277,83","5,51"
6/7/2016,"28,83","73,25","4,40","0,00","225,79","4,57"
7/7/2016,"27,62","80,17","2,53","0,00","130,21","2,59"
8/7/2016,"28,02","80,92","2,47","0,25","256,00","4,53"
9/7/2016,"26,84","83,25","2,47","2,79","124,67","2,30"
10/7/2016,"28,35","75,63","4,33","0,51","210,38","4,09"
11/7/2016,"26,59","82,38","2,93","14,72","203,75","3,74"
12/7/2016,"26,96","83,33","1,67","4,32","241,33","4,15"
13/7/2016,"26,16","82,88","3,20","0,25","153,29","2,86"
14/7/2016,"27,99","72,63","5,02","0,00","291,08","5,48"
15/7/2016,"27,15","75,25","4,09","0,00","279,92","5,34"
16/7/2016,"28,00","68,88","4,53","0,00","265,29","5,17"
17/7/2016,"26,92","75,00","3,88","0,00","164,08","3,37"
18/7/2016,"25,53","84,88","1,33","27,43","130,96","2,39"
19/7/2016,"25,29","90,96","0,07","2,02","147,67","2,30"
20/7/2016,"26,55","82,33","1,67","0,00","158,50","3,03"
21/7/2016,"28,80","68,75","5,41","1,02","282,79","5,53"
22/7/2016,"26,14","81,50","3,14","0,50","155,71","3,00"
23/7/2016,"25,60","86,88","1,40","2,54","254,79","4,28"
24/7/2016,"27,73","76,13","4,07","0,25","283,13","5,22"
25/7/2016,"28,44","70,33","4,40","0,00","254,88","4,94"
26/7/2016,"27,68","75,83","5,36","0,00","283,21","5,33"
27/7/2016,"28,15","72,92","6,23","0,00","264,79","5,39"
28/7/2016,"28,68","73,88","4,28","0,00","248,25","4,71"
29/7/2016,"26,52","87,17","0,73","36,06","224,21","3,77"
30/7/2016,"25,77","83,33","3,34","1,26","136,42","2,61"
31/7/2016,"27,84","73,29","4,80","0,00","224,29","4,60"
1/8/2016,"28,81","70,46","5,80","0,00","282,96","5,54"
2/8/2016,"27,26","81,29","1,27","10,16","222,71","3,97"
3/8/2016,"26,82","87,46","1,47","0,50","211,54","3,58"
4/8/2016,"25,79","90,46","0,00","1,53","160,42","2,73"
5/8/2016,"26,85","87,42","0,00","8,38","248,58","3,97"
6/8/2016,"28,21","78,67","2,27","0,25","293,79","5,23"
7/8/2016,"28,21","77,75","2,93","0,00","237,88","4,45"
8/8/2016,"26,61","87,83","1,07","32,25","161,17","2,84"
9/8/2016,"26,68","86,08","2,13","1,52","122,13","2,29"
10/8/2016,"28,18","76,42","4,67","0,00","219,21","4,40"
11/8/2016,"26,22","79,25","2,87","0,50","126,38","2,56"
12/8/2016,"26,47","80,96","0,47","7,37","249,50","4,08"
13/8/2016,"26,89","87,08","0,27","31,50","276,58","4,34"
14/8/2016,"25,76","91,67","0,47","5,58","177,04","2,91"
15/8/2016,"25,01","94,13","0,40","45,47","155,83","2,48"
16/8/2016,"27,30","82,04","0,53","0,00","243,00","4,04"
17/8/2016,"27,81","79,21","3,27","2,79","194,67","3,73"
18/8/2016,"27,75","79,08","3,67","0,00","185,04","3,70"
19/8/2016,"29,11","71,96","5,28","0,00","293,38","5,67"
20/8/2016,"28,04","75,96","4,48","0,25","269,42","5,14"
21/8/2016,"27,46","80,33","1,73","0,00","206,17","3,83"
22/8/2016,"27,99","78,17","4,27","0,00","201,63","4,16"
23/8/2016,"28,32","68,63","7,71","0,00","214,88","4,74"
24/8/2016,"29,05","66,83","6,49","0,00","291,83","5,93"
25/8/2016,"26,93","79,83","2,21","0,00","242,67","4,32"
26/8/2016,"26,63","84,92","0,60","5,58","201,88","3,43"
27/8/2016,"25,72","90,88","0,87","49,01","178,17","2,95"
28/8/2016,"25,96","91,42","0,13","3,55","205,83","3,35"
29/8/2016,"25,79","90,83","0,60","30,72","171,13","2,88"
30/8/2016,"25,37","91,58","0,60","20,82","205,50","3,25"
31/8/2016,"25,45","90,54","0,27","36,06","207,67","3,32"
1/9/2016,"25,13","91,67","0,27","20,31","177,25","2,73"
2/9/2016,"25,22","91,42","0,33","17,78","212,71","3,35"
3/9/2016,"26,96","87,63","0,00","0,25","245,88","3,94"
4/9/2016,"27,32","81,33","3,20","0,00","245,21","4,48"
5/9/2016,"25,28","88,17","1,13","0,25","177,50","3,06"
6/9/2016,"24,32","93,71","0,47","39,11","143,63","2,40"
7/9/2016,"25,33","90,04","1,00","0,25","176,54","2,92"
8/9/2016,"25,86","87,50","0,27","0,00","164,75","2,86"
9/9/2016,"26,65","84,54","1,93","0,00","231,00","4,01"
10/9/2016,"25,19","92,92","0,67","22,09","90,92","1,62"
11/9/2016,"26,14","88,92","0,00","18,55","229,04","3,77"
12/9/2016,"25,39","92,67","0,40","23,61","147,75","2,52"
13/9/2016,"25,24","91,17","0,13","24,88","157,58","2,62"
14/9/2016,"26,01","90,63","0,47","23,37","229,75","3,69"
15/9/2016,"26,03","92,83","0,47","9,14","195,96","3,10"
16/9/2016,"26,31","87,13","1,00","13,46","231,58","3,79"
17/9/2016,"26,64","84,17","1,67","1,77","252,04","4,38"
18/9/2016,"28,34","78,79","2,60","0,25","263,38","4,78"
19/9/2016,"28,89","71,50","4,68","0,00","279,50","5,49"
20/9/2016,"26,21","87,42","0,80","3,04","140,46","2,48"
21/9/2016,"25,29","89,75","0,07","1,01","177,33","2,84"
22/9/2016,"26,98","83,21","0,73","1,02","273,38","4,52"
23/9/2016,"24,96","91,00","0,13","5,08","174,54","2,81"
24/9/2016,"26,41","88,67","0,33","0,25","208,92","3,40"
25/9/2016,"26,81","83,71","1,47","0,00","212,29","3,72"
26/9/2016,"25,22","90,33","0,07","43,68","176,79","2,95"
27/9/2016,"25,68","87,88","0,20","4,82","156,08","2,64"
28/9/2016,"27,45","82,04","0,33","0,00","269,00","4,36"
29/9/2016,"27,61","80,33","1,73","0,25","238,08","4,11"
30/9/2016,"26,98","80,29","0,93","0,00","188,63","3,28"
1/10/2016,"26,75","83,00","0,00","1,52","291,79","4,69"
2/10/2016,"26,09","88,33","0,00","9,14","241,71","3,84"
3/10/2016,"25,37","91,08","0,00","0,75","183,13","2,87"
4/10/2016,"25,40","90,71","0,00","2,28","189,75","2,96"
5/10/2016,"25,75","89,21","0,00","4,06","245,42","3,83"
6/10/2016,"25,88","91,88","0,00","0,25","165,71","2,71"
7/10/2016,"25,28","92,00","0,00","20,05","164,13","2,66"
8/10/2016,"26,29","88,54","0,47","0,50","224,83","3,63"
9/10/2016,"25,70","90,33","0,00","45,22","214,29","3,41"
10/10/2016,"26,38","86,42","1,13","0,50","186,71","3,22"
11/10/2016,"26,62","83,38","0,80","0,00","174,38","3,21"
12/10/2016,"26,26","88,46","0,67","0,50","160,88","2,75"
13/10/2016,"25,95","91,33","0,00","3,55","156,42","2,66"
14/10/2016,"25,99","91,00","0,00","35,81","190,25","3,10"
15/10/2016,"26,45","90,00","0,00","0,25","198,67","3,18"
16/10/2016,"25,91","90,13","0,20","20,83","183,75","2,97"
17/10/2016,"25,13","94,29","0,00","38,35","136,46","2,28"
18/10/2016,"25,08","94,42","0,00","0,75","114,83","1,75"
19/10/2016,"23,91","97,33","0,13","40,65","57,75","0,88"
20/10/2016,"24,98","94,75","0,00","8,89","137,79","2,32"
21/10/2016,"25,71","92,29","0,00","6,10","189,13","3,11"
22/10/2016,"26,37","86,83","0,47","0,00","137,88","2,40"
23/10/2016,"25,89","84,46","0,73","0,00","115,67","2,06"
24/10/2016,"27,83","75,58","1,07","0,00","247,21","4,32"
25/10/2016,"26,50","83,21","0,27","5,33","261,71","4,22"
26/10/2016,"26,07","85,54","0,00","0,00","216,88","3,44"
27/10/2016,"26,18","87,42","0,00","6,09","228,21","3,58"
28/10/2016,"25,35","92,46","0,00","0,25","135,08","2,14"
29/10/2016,"25,07","92,79","0,00","10,15","148,42","2,37"
30/10/2016,"25,33","92,29","0,00","4,07","141,58","2,50"
31/10/2016,"26,11","90,83","0,00","9,14","189,46","3,07"
1/11/2016,"24,97","93,21","0,00","22,33","130,08","2,17"
2/11/2016,"25,00","93,43","0,00","0,50","164,43","2,43"
3/11/2016,"25,96","91,29","0,00","0,00","205,54","3,31"
4/11/2016,"26,43","90,96","0,00","14,73","147,96","2,59"
5/11/2016,"26,27","84,54","1,67","11,68","183,08","3,27"
6/11/2016,"26,67","78,38","0,93","0,00","220,42","3,96"
7/11/2016,"26,53","78,25","0,20","0,00","246,58","4,16"
8/11/2016,"26,10","83,00","0,00","7,10","245,04","4,03"
9/11/2016,"25,81","89,08","0,00","0,25","233,29","3,66"
10/11/2016,"26,36","87,04","0,67","0,00","111,79","2,14"
11/11/2016,"25,70","88,63","0,47","18,03","130,58","2,25"
12/11/2016,"25,95","86,04","0,80","0,00","168,13","2,91"
13/11/2016,"25,93","85,96","0,13","0,00","168,75","2,78"
14/11/2016,"25,36","91,13","0,00","4,57","138,50","2,15"
15/11/2016,"25,43","89,50","0,00","3,30","200,08","3,15"
16/11/2016,"25,68","89,50","0,00","4,31","190,63","3,07"
17/11/2016,"26,04","83,17","0,13","0,25","235,67","3,86"
18/11/2016,"24,47","94,08","0,00","7,10","100,96","1,61"
19/11/2016,"25,53","90,38","0,00","2,54","130,13","2,08"
20/11/2016,"25,43","84,79","0,00","0,00","213,13","3,44"
21/11/2016,"24,60","75,75","0,53","0,00","205,42","3,50"
22/11/2016,"24,59","76,75","0,40","0,00","244,67","4,06"
23/11/2016,"23,56","90,96","0,00","1,02","106,04","1,66"
24/11/2016,"23,20","97,08","0,13","100,83","34,96","0,52"
25/11/2016,"25,60","91,38","0,00","2,53","178,71","2,89"
26/11/2016,"25,81","92,92","0,00","2,02","124,29","2,13"
27/11/2016,"25,40","92,25","0,00","0,50","126,25","1,96"
28/11/2016,"25,29","89,17","0,13","0,00","122,83","2,06"
29/11/2016,"26,13","88,29","0,20","2,02","184,38","3,07"
30/11/2016,"25,18","93,42","0,00","0,00","92,54","1,51"
1/12/2016,"26,03","83,96","1,13","0,25","210,42","3,65"
2/12/2016,"26,25","79,71","1,33","0,00","230,00","3,99"
3/12/2016,"26,04","82,88","0,00","0,00","194,08","3,38"
4/12/2016,"23,81","96,54","0,00","67,56","47,58","0,75"
5/12/2016,"25,17","91,63","0,00","4,82","162,33","2,67"
6/12/2016,"26,27","84,79","0,60","0,00","211,33","3,50"
7/12/2016,"25,91","82,13","1,33","0,25","212,25","3,53"
8/12/2016,"25,36","83,58","2,87","0,00","177,83","3,30"
9/12/2016,"26,55","78,33","2,60","0,25","177,50","3,26"
10/12/2016,"25,78","79,00","1,33","1,02","133,25","2,58"
11/12/2016,"24,16","92,75","0,00","1,76","79,58","1,26"
12/12/2016,"23,92","95,71","0,00","5,32","79,38","1,21"
13/12/2016,"25,25","90,00","0,13","0,25","144,79","2,43"
14/12/2016,"26,02","84,50","0,20","0,00","129,21","2,30"
15/12/2016,"27,16","76,46","0,80","0,51","207,29","3,57"
16/12/2016,"27,25","74,42","1,20","1,02","222,04","3,94"
17/12/2016,"26,49","78,67","0,20","1,52","142,21","2,81"
18/12/2016,"27,38","73,79","0,80","0,00","238,46","4,19"
19/12/2016,"26,63","76,33","0,47","0,00","113,04","2,38"
20/12/2016,"26,05","79,96","0,80","1,01","144,13","2,73"
21/12/2016,"24,88","83,67","1,67","2,54","84,63","1,69"
22/12/2016,"26,78","71,79","3,47","0,00","230,29","4,35"
23/12/2016,"25,52","78,63","0,73","0,00","176,71","3,39"
24/12/2016,"26,37","77,25","0,47","0,00","233,75","3,88"
25/12/2016,"26,88","76,71","0,33","1,02","219,96","3,85"
26/12/2016,"26,84","76,88","0,27","4,31","185,17","3,30"
27/12/2016,"27,27","72,08","4,60","0,00","214,17","4,13"
28/12/2016,"26,39","75,71","0,67","3,30","147,63","2,94"
29/12/2016,"26,64","72,33","0,67","0,00","225,13","3,92"
30/12/2016,"25,77","73,83","1,13","0,00","179,21","3,28"
31/12/2016,"25,95","74,29","1,00","0,00","150,67","2,86"
1/1/2017,"26,74","73,42","1,07","0,00","173,42","3,32"
2/1/2017,"27,73","70,13","1,00","0,00","228,71","4,11"
3/1/2017,"26,55","73,17","1,47","2,28","229,75","4,22"
4/1/2017,"26,76","71,13","2,13","0,00","235,21","4,41"
5/1/2017,"26,15","75,58","2,13","0,00","229,67","4,09"
6/1/2017,"26,60","72,96","1,27","0,00","205,25","3,71"
7/1/2017,"25,80","76,13","3,95","0,00","191,25","3,79"
8/1/2017,"26,83","71,29","3,14","0,25","141,79","3,24"
9/1/2017,"25,99","72,04","4,20","0,00","160,00","3,48"
10/1/2017,"26,32","68,38","4,69","0,00","237,63","4,63"
11/1/2017,"25,97","72,50","2,61","0,00","200,42","3,91"
12/1/2017,"26,14","74,21","1,00","0,00","188,63","3,48"
13/1/2017,"26,28","73,58","1,27","2,29","191,96","3,53"
14/1/2017,"26,38","65,38","3,14","0,00","240,38","4,62"
15/1/2017,"26,00","70,08","2,14","0,00","231,04","4,20"
16/1/2017,"26,65","68,17","1,33","0,00","234,29","4,11"
17/1/2017,"26,65","70,21","1,20","0,00","250,54","4,59"
18/1/2017,"27,19","65,46","1,33","0,00","245,79","4,57"
19/1/2017,"26,83","69,29","0,60","0,00","251,96","4,34"
20/1/2017,"25,50","79,79","0,00","0,00","247,38","4,05"
21/1/2017,"25,51","83,17","0,00","0,00","228,25","3,71"
22/1/2017,"24,75","80,04","0,00","0,00","246,00","3,91"
23/1/2017,"23,74","80,54","0,00","2,28","249,42","4,00"
24/1/2017,"25,07","75,67","0,33","0,00","249,21","4,20"
25/1/2017,"25,28","71,33","1,67","0,00","250,13","4,46"
26/1/2017,"26,07","67,04","1,27","0,00","252,50","4,63"
27/1/2017,"26,65","70,92","1,20","0,00","226,92","4,02"
28/1/2017,"28,00","63,50","3,95","0,00","250,04","5,16"
29/1/2017,"27,45","63,50","3,95","0,00","246,08","5,00"
30/1/2017,"27,23","62,96","4,96","0,00","245,54","5,12"
31/1/2017,"26,92","67,71","3,00","0,00","250,33","4,81"
1/2/2017,"27,66","66,29","2,00","0,00","239,58","4,42"
2/2/2017,"27,45","64,25","2,40","0,00","252,17","4,87"
3/2/2017,"27,42","63,79","1,40","0,00","253,33","4,61"
4/2/2017,"27,69","63,67","0,60","0,00","250,54","4,52"
5/2/2017,"28,33","64,25","0,20","0,00","247,96","4,49"
6/2/2017,"28,37","63,42","0,13","0,00","251,79","4,51"
7/2/2017,"28,50","62,21","0,00","0,00","251,42","4,50"
8/2/2017,"28,32","62,17","0,00","0,00","250,00","4,50"
9/2/2017,"28,44","65,67","0,00","0,00","253,88","4,53"
10/2/2017,"28,25","62,79","0,07","0,00","213,33","4,04"
11/2/2017,"27,85","59,13","0,00","0,00","265,29","4,60"
12/2/2017,"27,20","59,29","0,00","0,00","266,29","4,68"
13/2/2017,"27,55","62,71","0,00","0,00","256,63","4,51"
14/2/2017,"26,54","69,88","0,00","0,00","257,79","4,45"
15/2/2017,"25,77","73,92","0,00","0,00","246,33","4,17"
16/2/2017,"26,50","65,88","0,00","0,00","251,00","4,38"
17/2/2017,"25,91","61,00","0,00","0,00","274,21","4,83"
18/2/2017,"25,54","68,42","0,00","0,00","224,50","3,97"
19/2/2017,"26,43","64,00","0,00","0,00","268,33","4,81"
20/2/2017,"26,63","67,13","0,00","0,00","265,29","4,73"
21/2/2017,"25,98","71,67","0,00","0,00","272,71","4,71"
22/2/2017,"26,14","74,88","0,00","0,00","271,58","4,59"
23/2/2017,"26,33","78,54","0,00","0,00","237,42","3,87"
24/2/2017,"26,07","74,88","0,00","0,00","242,67","4,06"
25/2/2017,"25,97","68,88","0,00","0,00","270,54","4,71"
26/2/2017,"27,02","65,92","0,00","0,00","266,79","4,68"
27/2/2017,"27,84","59,13","0,00","0,00","270,92","4,75"
28/2/2017,"28,42","60,21","0,00","0,00","276,58","4,89"
1/3/2017,"28,45","61,00","0,00","0,00","276,54","4,88"
2/3/2017,"28,02","61,04","0,00","0,00","279,04","4,93"
3/3/2017,"27,79","61,88","0,00","0,00","277,08","4,86"
4/3/2017,"27,55","61,58","0,00","0,00","244,04","4,33"
5/3/2017,"27,70","60,17","0,00","0,00","278,63","4,90"
6/3/2017,"28,32","59,54","0,00","0,00","276,00","4,88"
7/3/2017,"28,76","60,21","0,00","0,25","277,50","4,91"
8/3/2017,"28,44","62,71","0,00","0,76","282,63","4,96"
9/3/2017,"28,62","62,67","0,00","0,00","281,38","4,99"
10/3/2017,"28,60","60,00","6,93","1,02","274,42","6,17"
11/3/2017,"28,68","61,79","9,61","0,00","273,08","6,16"
12/3/2017,"29,33","59,63","8,11","0,00","292,54","6,58"
13/3/2017,"28,64","61,08","7,78","1,01","285,54","6,38"
14/3/2017,"28,89","62,29","7,05","2,53","285,00","6,19"
15/3/2017,"28,63","63,00","10,47","0,00","282,67","6,36"
16/3/2017,"27,78","65,79","9,12","0,00","256,79","5,60"
17/3/2017,"28,16","62,75","11,43","0,00","286,92","6,63"
18/3/2017,"27,56","66,88","11,30","0,00","194,25","4,97"
19/3/2017,"28,53","58,29","11,13","0,00","294,50","6,94"
20/3/2017,"27,48","65,83","10,87","0,25","290,63","6,42"
21/3/2017,"27,35","64,13","7,32","0,00","259,88","5,92"
22/3/2017,"28,04","60,88","9,34","0,00","270,63","6,21"
23/3/2017,"28,68","53,50","7,98","0,00","273,92","6,51"
24/3/2017,"28,47","56,04","8,59","0,00","289,96","6,69"
25/3/2017,"28,06","61,83","4,89","0,00","291,79","6,12"
26/3/2017,"28,50","60,33","3,67","0,00","286,83","5,95"
27/3/2017,"27,81","60,21","2,07","0,00","250,71","5,11"
28/3/2017,"27,94","60,67","1,47","0,00","272,38","5,27"
29/3/2017,"28,50","61,00","1,33","0,00","276,25","5,33"
30/3/2017,"28,05","63,58","1,73","0,00","294,21","5,72"
31/3/2017,"28,75","64,38","1,67","0,00","256,42","5,06"
1/4/2017,"28,88","64,00","2,33","0,00","286,92","5,61"
2/4/2017,"28,73","68,38","4,02","0,00","228,46","4,89"
3/4/2017,"29,05","68,67","4,28","0,25","271,25","5,64"
4/4/2017,"30,47","62,29","4,94","3,05","262,92","5,49"
5/4/2017,"30,09","61,63","6,43","0,25","242,42","5,56"
6/4/2017,"29,78","62,04","8,07","0,00","285,25","6,46"
7/4/2017,"30,05","57,71","10,87","0,00","297,25","7,28"
8/4/2017,"29,15","56,33","9,41","0,00","303,71","7,21"
9/4/2017,"28,86","55,96","8,11","0,00","246,46","5,97"
10/4/2017,"29,29","52,67","9,53","0,76","298,42","7,18"
11/4/2017,"29,61","54,33","9,94","1,01","299,67","7,14"
12/4/2017,"29,35","57,33","10,62","0,00","298,13","6,98"
13/4/2017,"28,95","59,83","11,41","0,00","299,38","7,02"
14/4/2017,"28,61","63,00","10,41","0,00","297,29","6,76"
15/4/2017,"29,14","59,75","12,03","0,00","302,96","7,21"
16/4/2017,"29,07","60,13","6,98","0,00","305,79","6,78"
17/4/2017,"29,11","65,75","5,77","0,00","303,17","6,27"
18/4/2017,"28,77","70,75","2,27","0,00","242,38","4,83"
19/4/2017,"27,66","75,46","1,60","0,00","193,63","3,59"
20/4/2017,"27,58","76,96","1,33","0,00","179,38","3,37"
21/4/2017,"28,51","74,33","1,47","0,00","236,46","4,34"
22/4/2017,"28,54","76,67","1,47","0,00","234,00","4,25"
23/4/2017,"27,98","79,50","1,27","9,14","209,00","3,74"
24/4/2017,"29,12","70,54","4,28","0,25","279,25","5,63"
25/4/2017,"29,21","68,96","1,93","0,00","229,08","4,56"
26/4/2017,"27,28","81,79","1,27","48,51","192,88","3,39"
27/4/2017,"26,99","88,75","0,67","38,61","195,75","3,21"
28/4/2017,"29,11","78,33","1,67","0,25","216,79","4,04"
29/4/2017,"29,80","73,92","3,20","0,00","264,71","5,07"
30/4/2017,"28,49","78,71","1,60","5,58","243,38","4,32"
1/5/2017,"27,77","83,92","1,33","4,32","240,67","4,04"
2/5/2017,"27,35","81,08","3,08","0,25","179,71","3,44"
3/5/2017,"27,78","76,88","2,47","0,00","266,71","4,83"
4/5/2017,"27,25","81,63","1,40","18,53","212,33","3,73"
5/5/2017,"26,02","89,04","1,07","0,25","98,46","1,70"
6/5/2017,"26,32","85,75","1,27","7,87","163,08","2,85"
7/5/2017,"27,35","83,21","1,53","0,00","253,38","4,25"
8/5/2017,"26,52","85,29","1,33","88,39","192,13","3,36"
9/5/2017,"25,96","90,17","1,00","2,02","168,96","2,81"
10/5/2017,"27,45","84,58","1,67","0,25","195,71","3,54"
11/5/2017,"26,05","89,29","1,07","18,04","149,58","2,68"
12/5/2017,"25,57","93,38","0,47","3,30","129,63","2,22"
13/5/2017,"25,60","93,83","0,60","0,25","93,75","1,47"
14/5/2017,"27,15","84,88","0,80","0,25","254,00","4,18"
15/5/2017,"26,83","90,67","0,73","1,52","113,25","1,81"
16/5/2017,"27,06","87,08","0,73","3,81","198,71","3,32"
17/5/2017,"25,95","92,21","1,00","7,62","138,38","2,30"
18/5/2017,"25,76","92,00","0,87","48,26","161,67","2,64"
19/5/2017,"26,03","89,71","0,87","1,52","202,58","3,36"
20/5/2017,"26,72","86,32","1,41","19,30","210,88","3,68"
21/5/2017,"25,43","91,43","1,60","71,62","196,78","3,07"
22/5/2017,"25,73","90,50","0,67","1,27","172,75","2,85"
23/5/2017,"27,51","84,33","1,13","12,95","264,58","4,38"
24/5/2017,"27,35","88,79","0,73","11,17","241,25","3,94"
25/5/2017,"27,25","89,00","1,27","26,41","196,17","3,32"
26/5/2017,"26,74","91,71","0,47","0,00","155,04","2,51"
27/5/2017,"26,85","87,29","1,40","15,74","157,00","2,97"
28/5/2017,"26,98","83,13","2,47","0,25","230,79","4,05"
29/5/2017,"26,22","86,42","1,80","41,64","266,21","4,39"
30/5/2017,"26,06","91,00","0,47","7,87","191,92","3,17"
31/5/2017,"27,45","86,67","0,93","0,25","254,67","4,30"
1/6/2017,"27,46","86,00","1,27","0,25","212,63","3,63"
2/6/2017,"27,74","84,04","1,47","0,00","223,04","3,81"
3/6/2017,"26,91","88,54","0,87","0,00","132,21","2,25"
4/6/2017,"27,54","85,33","1,40","0,25","169,42","3,02"
5/6/2017,"26,55","90,04","0,93","26,15","170,58","2,89"
6/6/2017,"27,53","89,63","0,60","11,43","229,38","3,71"
7/6/2017,"26,42","89,38","0,87","15,49","190,04","3,08"
8/6/2017,"26,66","89,38","0,67","7,12","174,75","2,84"
9/6/2017,"26,40","89,29","1,07","0,50","186,83","3,11"
10/6/2017,"25,75","92,63","0,80","5,07","135,00","2,34"
11/6/2017,"26,08","91,38","0,20","0,00","133,50","2,10"
12/6/2017,"27,11","85,54","1,60","9,90","197,46","3,47"
13/6/2017,"26,67","86,42","2,07","20,32","232,25","3,96"
14/6/2017,"25,25","92,00","0,33","10,41","109,54","1,80"
15/6/2017,"25,20","92,21","0,67","7,11","137,42","2,34"
16/6/2017,"25,09","93,42","0,87","5,33","117,33","1,83"
17/6/2017,"24,77","94,79","1,27","24,39","116,00","2,05"
18/6/2017,"25,34","92,33","1,27","5,58","117,88","1,92"
19/6/2017,"26,05","88,88","0,80","2,79","213,92","3,48"
20/6/2017,"25,98","90,21","0,80","19,81","178,71","3,01"
21/6/2017,"25,79","90,50","0,47","5,84","155,75","2,53"
22/6/2017,"25,24","91,96","0,20","0,50","114,08","1,78"
23/6/2017,"25,36","93,50","0,33","30,72","125,29","2,17"
24/6/2017,"27,08","83,75","1,93","0,00","198,33","3,50"
25/6/2017,"27,65","77,75","3,40","0,00","275,13","5,06"
26/6/2017,"26,10","85,25","0,67","0,00","148,88","2,50"
27/6/2017,"25,50","89,83","0,40","5,58","137,17","2,36"
28/6/2017,"25,30","92,46","0,33","5,08","152,04","2,38"
29/6/2017,"26,95","79,54","4,27","0,25","232,63","4,33"
30/6/2017,"27,44","80,46","4,07","6,09","203,75","3,91"
1/7/2017,"24,90","94,17","0,27","1,27","64,21","1,01"
2/7/2017,"25,10","89,42","0,80","2,03","75,92","1,23"
3/7/2017,"26,32","84,50","2,27","0,75","123,50","2,24"
4/7/2017,"25,37","91,46","0,67","45,21","164,33","2,67"
5/7/2017,"26,78","81,04","3,00","0,25","203,21","3,73"
6/7/2017,"27,78","78,38","2,87","0,25","243,96","4,46"
7/7/2017,"26,30","85,67","1,60","1,52","189,83","3,31"
8/7/2017,"26,90","79,92","2,87","0,25","222,21","4,05"
9/7/2017,"26,80","77,67","4,28","0,00","138,17","2,87"
10/7/2017,"26,65","79,21","4,76","0,00","219,67","4,22"
11/7/2017,"26,40","80,25","3,07","0,00","208,67","3,86"
12/7/2017,"25,89","86,00","0,73","5,59","183,21","3,11"
13/7/2017,"26,06","86,75","0,93","0,76","224,75","3,77"
14/7/2017,"27,20","77,29","3,33","0,25","198,54","3,67"
15/7/2017,"27,90","72,13","4,48","0,00","288,33","5,58"
16/7/2017,"26,43","84,25","1,67","1,01","182,13","3,20"
17/7/2017,"25,80","87,42","0,93","1,27","175,75","2,94"
18/7/2017,"26,20","82,33","2,33","0,25","171,08","3,08"
19/7/2017,"25,82","87,21","1,93","3,02","95,83","1,74"
20/7/2017,"27,65","81,08","2,33","0,00","194,71","3,50"
21/7/2017,"25,74","91,00","0,67","5,59","135,75","2,29"
22/7/2017,"27,92","74,54","4,55","0,00","283,46","5,26"
23/7/2017,"27,00","81,25","2,54","0,00","243,88","4,38"
24/7/2017,"27,09","81,17","2,07","0,00","247,83","4,41"
25/7/2017,"27,57","78,71","4,61","3,05","188,63","3,75"
26/7/2017,"26,33","80,96","4,28","0,25","94,79","2,03"
27/7/2017,"27,58","76,54","3,95","0,00","288,00","5,33"
28/7/2017,"27,42","79,54","3,41","0,00","207,38","3,95"
29/7/2017,"27,45","79,21","2,13","0,00","188,42","3,61"
30/7/2017,"26,52","85,83","1,33","16,51","182,38","3,20"
31/7/2017,"24,83","91,29","0,40","21,33","168,54","2,63"
1/8/2017,"26,10","88,96","0,47","6,09","206,75","3,35"
2/8/2017,"27,17","80,25","3,07","0,25","298,71","5,19"
3/8/2017,"27,53","78,42","3,40","0,00","256,58","4,61"
4/8/2017,"27,38","82,25","1,40","0,00","196,96","3,62"
5/8/2017,"26,12","88,13","0,80","11,41","184,67","3,11"
6/8/2017,"26,00","89,08","0,53","0,75","220,25","3,51"
7/8/2017,"26,83","89,00","0,13","0,00","176,83","2,97"
8/8/2017,"28,22","81,00","1,07","0,00","243,67","4,21"
9/8/2017,"26,15","90,25","0,53","5,07","132,46","2,21"
10/8/2017,"25,11","93,08","0,33","14,99","132,21","2,12"
11/8/2017,"26,20","82,13","2,07","0,50","189,00","3,51"
12/8/2017,"26,83","80,21","1,13","0,00","246,75","4,24"
13/8/2017,"24,66","91,92","0,00","8,38","111,67","1,79"
14/8/2017,"27,22","82,29","2,27","0,25","283,75","4,84"
15/8/2017,"27,64","79,13","3,14","1,52","239,50","4,38"
16/8/2017,"27,18","80,71","2,67","0,00","177,46","3,44"
17/8/2017,"27,21","75,46","4,47","0,51","143,88","3,03"
18/8/2017,"27,70","77,29","4,41","0,00","236,00","4,50"
19/8/2017,"27,33","81,75","2,07","0,51","225,17","4,11"
20/8/2017,"26,35","85,08","1,60","5,58","216,96","3,69"
21/8/2017,"26,23","86,67","0,60","1,52","181,13","3,05"
22/8/2017,"26,44","86,71","0,00","0,25","204,08","3,32"
23/8/2017,"25,84","88,83","0,07","25,65","200,17","3,21"
24/8/2017,"25,04","88,75","0,13","18,54","152,29","2,49"
25/8/2017,"26,08","86,92","0,00","0,25","212,79","3,41"
26/8/2017,"27,60","78,79","2,40","0,00","271,25","4,73"
27/8/2017,"27,72","74,08","4,00","0,00","261,50","5,00"
28/8/2017,"26,13","83,54","0,93","0,00","241,83","4,00"
29/8/2017,"25,15","91,21","0,27","27,42","160,96","2,47"
30/8/2017,"25,12","91,42","0,27","36,06","187,63","2,99"
31/8/2017,"25,35","88,38","0,00","13,45","194,42","3,24"
1/9/2017,"26,58","87,50","0,47","3,30","248,29","4,06"
2/9/2017,"27,45","84,63","1,67","6,10","236,67","4,07"
3/9/2017,"25,58","91,17","0,67","13,45","108,29","1,78"
4/9/2017,"26,57","87,17","1,00","0,76","210,29","3,48"
5/9/2017,"25,46","89,54","1,13","17,01","180,96","3,09"
6/9/2017,"25,35","88,25","0,87","19,30","193,08","3,23"
7/9/2017,"26,20","86,17","0,73","82,55","257,33","4,16"
8/9/2017,"25,82","89,42","0,47","3,29","241,25","3,89"
9/9/2017,"25,33","88,88","1,13","41,91","212,00","3,41"
10/9/2017,"25,20","89,33","0,87","18,79","179,83","2,90"
11/9/2017,"23,87","93,96","0,47","72,13","86,79","1,35"
12/9/2017,"26,31","86,71","0,67","0,25","275,42","4,37"
13/9/2017,"27,40","88,25","0,67","6,34","216,46","3,58"
14/9/2017,"25,99","91,75","0,47","17,00","142,67","2,43"
15/9/2017,"26,31","88,50","0,87","22,60","198,21","3,34"
16/9/2017,"26,73","86,17","1,13","1,78","191,46","3,31"
17/9/2017,"25,82","89,50","0,67","20,84","180,42","2,98"
18/9/2017,"25,34","90,71","0,67","45,98","155,96","2,63"
19/9/2017,"25,45","89,96","0,67","4,57","168,79","2,77"
20/9/2017,"25,61","89,50","0,67","16,51","219,33","3,49"
21/9/2017,"25,73","89,13","0,67","47,25","220,04","3,55"
22/9/2017,"25,76","89,92","0,60","7,09","179,46","3,02"
23/9/2017,"25,59","90,08","1,07","1,75","180,63","2,96"
24/9/2017,"25,07","92,50","1,00","1,25","92,75","1,44"
25/9/2017,"25,35","91,08","0,47","0,75","153,08","2,54"
26/9/2017,"25,29","89,71","0,47","0,50","148,96","2,45"
27/9/2017,"25,60","90,17","0,47","1,25","165,00","2,71"
28/9/2017,"26,34","88,75","0,53","0,50","205,92","3,29"
29/9/2017,"25,25","91,83","0,40","6,08","127,88","2,05"
30/9/2017,"25,72","91,00","0,60","2,00","160,92","2,59"
1/10/2017,"24,84","92,00","0,60","1,50","131,71","2,27"
2/10/2017,"24,37","92,58","0,60","1,75","119,00","1,84"
3/10/2017,"24,72","93,08","0,27","4,26","111,04","1,73"
4/10/2017,"23,80","95,50","0,53","246,88","57,79","0,91"
5/10/2017,"22,48","96,46","0,93","110,51","28,50","0,42"
6/10/2017,"23,19","94,00","0,73","40,87","106,75","1,87"
7/10/2017,"25,95","87,92","0,73","0,25","257,75","4,09"
8/10/2017,"26,20","88,92","0,67","0,00","170,00","2,82"
9/10/2017,"26,64","87,38","0,47","1,01","181,17","3,16"
10/10/2017,"25,80","88,17","0,47","1,27","191,88","3,18"
11/10/2017,"25,73","87,88","0,47","0,25","171,04","2,85"
12/10/2017,"26,64","88,21","0,47","2,03","228,04","3,66"
13/10/2017,"26,78","82,71","2,40","0,25","224,17","3,99"
14/10/2017,"27,05","83,00","1,73","0,00","181,38","3,39"
15/10/2017,"27,59","79,92","2,33","0,00","183,33","3,37"
16/10/2017,"28,47","76,04","4,40","0,00","227,63","4,47"
17/10/2017,"27,84","77,04","4,55","0,00","217,54","4,30"
18/10/2017,"26,19","82,25","1,53","0,00","149,13","2,68"
19/10/2017,"26,05","84,46","1,60","0,00","160,04","2,74"
20/10/2017,"27,04","83,71","1,73","0,00","244,21","4,19"
21/10/2017,"25,95","89,67","0,53","21,85","173,79","2,75"
22/10/2017,"25,64","90,67","0,40","10,41","156,54","2,57"
23/10/2017,"26,02","90,38","0,33","26,92","159,71","2,55"
24/10/2017,"25,55","90,83","0,60","10,67","118,67","2,02"
25/10/2017,"24,33","92,63","2,27","5,83","89,54","1,46"
26/10/2017,"23,13","93,13","0,80","23,59","74,38","1,16"
27/10/2017,"23,00","94,42","0,20","21,05","48,54","0,75"
28/10/2017,"25,22","87,33","0,80","0,00","186,33","3,18"
29/10/2017,"25,62","88,50","0,47","0,76","210,33","3,29"
30/10/2017,"26,18","82,38","1,53","1,01","238,88","3,99"
31/10/2017,"26,11","85,88","0,53","0,25","172,17","3,01"
1/11/2017,"26,53","81,79","1,60","0,00","186,71","3,35"
2/11/2017,"26,32","82,29","2,60","0,25","136,75","2,58"
3/11/2017,"26,02","88,21","0,93","3,04","105,38","2,03"
4/11/2017,"25,15","89,58","0,60","6,85","124,71","2,04"
5/11/2017,"26,11","83,00","0,73","0,25","244,92","4,04"
6/11/2017,"26,33","83,42","1,67","0,25","218,71","3,72"
7/11/2017,"26,36","81,25","3,27","0,25","187,79","3,45"
8/11/2017,"27,13","74,42","4,28","0,00","248,67","4,82"
9/11/2017,"25,71","80,13","0,87","0,00","214,88","3,65"
10/11/2017,"25,77","80,58","0,53","0,00","216,92","3,67"
11/11/2017,"26,41","81,54","1,20","0,00","233,79","3,87"
12/11/2017,"25,39","89,75","0,73","0,25","128,71","2,10"
13/11/2017,"26,54","87,13","0,47","0,76","157,04","2,51"
14/11/2017,"25,73","89,42","0,27","1,01","114,75","1,83"
15/11/2017,"23,84","93,46","0,07","28,70","47,83","0,67"
16/11/2017,"25,55","87,38","0,33","0,25","220,50","3,58"
17/11/2017,"25,98","78,21","1,60","0,00","235,04","4,12"
18/11/2017,"24,78","78,29","0,93","0,00","243,25","4,09"
19/11/2017,"24,93","79,00","1,07","0,00","239,67","3,99"
20/11/2017,"25,76","79,08","1,40","0,00","217,88","3,75"
21/11/2017,"25,78","83,46","0,20","1,01","154,79","2,68"
22/11/2017,"25,48","88,38","0,00","0,25","138,13","2,29"
23/11/2017,"25,87","82,50","1,53","0,25","156,75","2,84"
24/11/2017,"25,94","75,54","3,74","0,00","231,46","4,43"
25/11/2017,"26,42","73,21","3,60","0,00","154,58","3,23"
26/11/2017,"26,58","78,08","2,67","0,00","193,17","3,47"
27/11/2017,"26,52","74,79","3,74","0,00","228,92","4,32"
28/11/2017,"25,51","78,33","2,13","0,00","187,50","3,55"
29/11/2017,"26,33","78,33","4,89","0,00","164,75","3,38"
30/11/2017,"27,07","73,33","6,71","0,00","222,17","4,54"
1/12/2017,"26,14","75,38","5,23","0,00","230,33","4,56"
2/12/2017,"26,90","72,83","6,15","0,00","181,54","3,81"
3/12/2017,"27,03","69,88","6,77","0,00","226,54","4,76"
4/12/2017,"27,29","71,75","6,83","0,00","229,79","4,78"
5/12/2017,"27,00","76,17","7,04","0,50","214,96","4,27"
6/12/2017,"26,48","81,04","2,33","0,00","197,67","3,61"
7/12/2017,"25,90","83,92","0,87","41,40","179,25","3,06"
8/12/2017,"25,57","88,33","0,40","0,76","154,42","2,60"
9/12/2017,"26,19","84,88","0,67","0,00","147,96","2,62"
10/12/2017,"25,99","66,88","3,54","0,00","211,25","4,30"
11/12/2017,"23,77","75,17","0,80","0,00","111,21","2,33"
12/12/2017,"24,25","74,29","1,33","0,00","198,17","3,52"
13/12/2017,"24,58","69,13","8,86","0,00","203,42","4,33"
14/12/2017,"24,69","73,54","4,89","0,00","216,33","4,28"
15/12/2017,"25,85","73,13","5,07","0,00","219,96","4,21"
16/12/2017,"27,30","70,92","6,71","0,00","222,50","4,67"
17/12/2017,"27,67","68,92","7,63","0,00","193,21","4,15"
18/12/2017,"27,31","71,58","5,15","0,25","231,83","4,70"
19/12/2017,"27,11","70,00","4,69","0,00","234,75","4,84"
20/12/2017,"26,90","75,13","5,48","0,00","208,67","4,12"
21/12/2017,"27,07","70,75","9,33","0,00","230,54","5,05"
22/12/2017,"26,28","72,50","4,96","0,00","221,63","4,31"
23/12/2017,"27,56","68,63","8,78","0,00","225,67","4,91"
24/12/2017,"26,91","70,88","6,94","0,00","172,04","3,88"
25/12/2017,"27,35","67,92","8,86","0,00","228,88","4,99"
26/12/2017,"26,55","70,21","7,76","0,00","214,08","4,59"
27/12/2017,"26,49","70,08","9,13","0,00","233,13","4,83"
28/12/2017,"26,08","74,29","7,36","5,34","166,29","3,63"
29/12/2017,"25,61","79,13","3,95","2,03","198,79","3,80"
30/12/2017,"26,25","74,54","5,76","0,00","157,04","3,48"
31/12/2017,"25,97","74,04","6,36","0,00","116,00","2,84"
1/1/2018,"26,90","69,58","7,78","0,00","216,79","4,50"
2/1/2018,"26,77","69,88","6,31","0,00","234,79","4,78"
3/1/2018,"26,45","72,33","1,53","0,00","174,79","3,52"
4/1/2018,"26,39","62,08","7,45","0,00","232,67","5,39"
5/1/2018,"25,58","66,58","5,43","0,00","227,38","4,83"
6/1/2018,"25,15","70,17","1,87","0,00","220,17","4,22"
7/1/2018,"25,55","66,33","3,49","0,00","240,92","4,84"
8/1/2018,"25,46","75,88","1,87","0,50","237,54","4,34"
9/1/2018,"25,65","75,58","3,41","0,00","226,67","4,15"
10/1/2018,"25,88","73,79",,"0,00","236,17","4,46"
11/1/2018,"25,30","79,79",,"0,00","189,13","3,18"
12/1/2018,"26,71","75,96",,"0,00","192,13","3,64"
13/1/2018,"26,88","63,63","6,77","0,00","226,00","5,05"
14/1/2018,"26,99","56,71","6,08","0,00","229,71","5,07"
15/1/2018,"26,11","62,63","6,03","0,00","241,42","5,10"
16/1/2018,"24,91","76,75","5,03","0,76","201,50","3,99"
17/1/2018,"26,29","73,08","7,37","0,00","231,13","4,71"
18/1/2018,"26,85","66,50","9,60","0,00","239,96","5,29"
19/1/2018,"26,31","71,96","9,73","0,00","226,17","4,86"
20/1/2018,"27,04","71,75","10,00","0,00","242,92","4,91"
21/1/2018,"27,80","69,67","9,40","0,00","241,00","5,24"
22/1/2018,"27,59","66,50","6,84","0,00","245,58","5,33"
23/1/2018,"27,03","69,08","8,11","0,00","223,63","4,98"
24/1/2018,"27,50","67,75","10,28","0,00","210,75","5,09"
25/1/2018,"27,23","68,50","12,37","1,77","215,79","5,19"
26/1/2018,"27,36","67,21","13,10","0,00","249,54","5,89"
27/1/2018,"27,80","66,79","9,53","0,00","237,79","5,19"
28/1/2018,"27,91","64,54","9,67","0,00","251,63","5,75"
29/1/2018,"27,55","68,38","11,75","0,76","253,58","5,81"
30/1/2018,"27,42","68,17","14,70","1,01","254,33","5,95"
31/1/2018,"27,71","67,33","15,03","0,00","253,42","6,23"
1/2/2018,"27,75","67,21","12,63","0,25","208,75","5,30"
2/2/2018,"27,74","63,88","11,28","0,00","257,04","6,10"
3/2/2018,"27,07","61,96","11,55","0,00","255,42","5,89"
4/2/2018,"27,19","60,88","9,20","0,00","260,08","5,95"
5/2/2018,"27,52","57,46","8,72","0,00","263,63","6,15"
6/2/2018,"26,97","64,04","11,37","0,00","261,33","6,06"
7/2/2018,"27,86","62,46","8,10","0,00","259,75","5,77"
8/2/2018,"27,14","65,13","11,70","0,51","262,42","6,05"
9/2/2018,"27,58","64,04","7,63","0,00","264,29","5,59"
10/2/2018,"27,74","64,29","9,26","0,00","251,83","5,69"
11/2/2018,"28,36","61,38","9,12","0,00","263,50","6,06"
12/2/2018,"27,23","65,79","7,65","2,03","263,42","5,81"
13/2/2018,"27,26","64,46","10,60","0,00","260,42","5,76"
14/2/2018,"27,03","63,04","14,23","0,00","268,21","6,49"
15/2/2018,"26,49","68,50","12,90","0,00","268,17","5,95"
16/2/2018,"26,64","65,92","13,30","0,00","263,25","6,12"
17/2/2018,"27,25","62,75","11,14","0,00","268,13","6,16"
18/2/2018,"27,15","62,88","12,30","0,00","268,63","6,32"
19/2/2018,"28,14","59,67",,"0,51","271,46","6,33"
20/2/2018,"27,55","61,50",,"0,00","273,04","5,92"
21/2/2018,"27,77","63,17","7,58","0,00","274,13","5,81"
22/2/2018,"27,73","62,75","10,01","0,00","275,25","6,05"
23/2/2018,"27,90","59,33","9,87","0,00","279,96","6,48"
24/2/2018,"27,51","62,58","7,77","0,00","272,83","5,82"
25/2/2018,"26,84","64,29","6,78","0,00","276,58","5,88"
26/2/2018,"27,65","60,08","8,52","0,00","277,88","6,20"
27/2/2018,"27,04","60,00","9,26","0,00","282,21","6,66"
28/2/2018,"27,25","59,75","8,98","0,00","285,04","6,64"
1/3/2018,"27,84","53,88","6,15","0,00","288,00","6,36"
2/3/2018,"27,69","59,33","7,82","0,00","290,71","6,34"
3/3/2018,"27,62","56,08","11,29","0,00","288,13","6,86"
4/3/2018,"27,62","58,13","10,40","0,00","286,33","6,54"
5/3/2018,"27,55","56,38","9,53","0,00","290,04","6,71"
6/3/2018,"26,83","60,25","6,77","0,00","291,13","6,19"
7/3/2018,"26,86","60,38","7,33","0,00","289,29","6,22"
8/3/2018,"27,62","61,71","10,21","0,00","282,67","6,41"
9/3/2018,"28,51","62,29",,"0,00","285,79","6,31"
10/3/2018,"29,20","62,08",,"0,00","284,38","6,45"
11/3/2018,"28,60","64,00",,"0,00","286,63","5,90"
12/3/2018,"27,96","67,67",,"0,00","220,50","4,49"
13/3/2018,"28,51","65,13",,"0,00","284,83","6,24"
14/3/2018,"29,34","60,67",,"0,00","284,46","6,47"
15/3/2018,"28,98","58,96",,"0,00","285,33","6,84"
16/3/2018,"29,02","56,67",,"0,00","292,42","7,13"
17/3/2018,"28,37","60,88","8,85","0,00","278,21","6,27"
18/3/2018,"28,93","59,13","8,05","0,00","296,00","6,49"
19/3/2018,"29,04","58,25","4,13","0,00","296,63","6,19"
20/3/2018,"27,95","64,63","3,33","0,00","273,17","5,49"
21/3/2018,"28,99","56,63","9,26","0,00","287,54","6,75"
22/3/2018,"28,16","57,17","13,97","0,00","293,33","7,43"
23/3/2018,"28,54","58,79","12,10","0,00","289,92","6,94"
24/3/2018,"28,33","61,17","10,83","0,00","283,96","6,67"
25/3/2018,"28,70","59,92","10,69","0,00","284,17","6,62"
26/3/2018,"28,81","58,71","11,83","0,00","287,83","6,94"
27/3/2018,"28,49","59,63","11,89","0,00","287,25","6,91"
28/3/2018,"29,24","54,04","9,33","0,00","287,08","6,95"
29/3/2018,"29,28","56,96","6,89","0,00","275,54","6,14"
30/3/2018,"28,08","63,71","7,18","0,00","282,46","6,21"
31/3/2018,"28,36","53,67","9,53","0,00","289,21","6,95"
1/4/2018,"28,78","48,83","6,97","0,00","291,71","6,80"
2/4/2018,"27,96","53,96","4,34","0,00","292,75","6,31"
3/4/2018,"27,13","60,13","2,53","0,00","296,92","5,92"
4/4/2018,"27,06","62,17","0,80","0,00","250,25","4,66"
5/4/2018,"26,96","63,50","2,60","0,00","280,50","5,57"
6/4/2018,"28,39","58,50","7,90","0,00","285,56","4,54"
7/4/2018,,,,,,
8/4/2018,"27,84","58,06","5,23","0,00","283,67","0,74"
9/4/2018,"28,22","68,50","3,80","0,25","277,54","5,39"
10/4/2018,"28,25","67,88","3,67","0,00","295,00","5,82"
11/4/2018,"27,20","66,92",,"0,00","191,38","4,10"
12/4/2018,"27,79","66,42",,"0,00","295,29","5,84"
13/4/2018,"27,74","66,08",,"0,00","244,71","4,66"
14/4/2018,"27,63","65,83",,"0,00","259,21","4,67"
15/4/2018,"28,34","65,67",,"0,00","283,88","5,70"
16/4/2018,"29,36","65,54","10,27","0,00","303,25","6,94"
17/4/2018,"28,71","65,63","8,79","0,00","302,71","6,57"
18/4/2018,"29,02","65,83","8,31","0,00","303,75","6,65"
19/4/2018,"28,67","65,75","8,00","0,00","297,38","6,42"
20/4/2018,"29,10","65,54","9,86","0,00","299,17","6,62"
21/4/2018,"28,68","65,25","6,38","0,00","291,58","6,14"
22/4/2018,"28,91","65,17","6,31","0,00","301,00","6,19"
23/4/2018,"29,45","65,21","6,03","0,00","300,54","6,41"
24/4/2018,"28,96","65,21","6,16","0,00","250,88","5,33"
25/4/2018,"29,69","65,21","5,83","0,00","281,25","5,95"
26/4/2018,"28,25","65,29","1,88","0,00","225,46","4,40"
27/4/2018,"28,40","65,29","1,67","0,00","262,79","4,82"
28/4/2018,"29,36","65,38","2,20","0,00","287,75","5,51"
29/4/2018,"29,13","65,42","5,28","0,00","290,17","5,87"
30/4/2018,"29,07","65,63",,"0,00","228,67","5,15"
1/5/2018,"29,71","65,79",,"0,00","297,75","6,53"
2/5/2018,"29,74","66,08",,"0,00","301,75","6,61"
3/5/2018,"28,70","66,46",,"0,00","286,63","5,99"
4/5/2018,"28,78","66,46","3,61","0,00","287,58","5,92"
5/5/2018,"28,17","66,21","0,53","0,00","214,79","4,14"
6/5/2018,"28,40","66,63","0,67","0,00","258,08","4,52"
7/5/2018,"28,11","66,54","1,27","20,32","258,38","4,61"
8/5/2018,"28,20","66,50",,"0,25","286,21","5,60"
9/5/2018,"27,38","66,25",,"14,73","247,83","4,55"
10/5/2018,"27,15","66,08","0,40","0,00","231,58","3,88"
11/5/2018,"27,20","65,92","0,67","0,00","210,50","3,65"
12/5/2018,"27,68","66,17","2,75","0,25","245,17","4,67"
13/5/2018,"28,11","66,54","2,33","0,00","264,17","5,04"
14/5/2018,"27,91","67,13","1,07","0,00","253,58","4,44"
15/5/2018,"26,38","67,58","0,27","0,00","149,42","2,49"
16/5/2018,"26,50","67,88","0,53","23,11","207,71","3,47"
17/5/2018,"25,28","68,21","0,40","11,93","155,42","2,48"
18/5/2018,"26,50","68,38","0,87","0,50","232,67","3,81"
19/5/2018,"26,70","68,50","0,73","0,00","155,79","2,55"
20/5/2018,"26,31","68,79","0,40","8,89","173,38","2,85"
21/5/2018,"25,28","69,13","0,40","21,07","175,50","2,77"
22/5/2018,"24,56","69,25","0,53","45,45","116,21","1,96"
23/5/2018,"26,28","69,17","0,60","100,07","236,38","3,68"
24/5/2018,"26,17","69,04","0,47","0,25","192,54","3,14"
25/5/2018,"26,28","68,71","0,33","38,60","223,71","3,65"
26/5/2018,"24,66","68,38","0,27","20,07","75,33","1,22"
27/5/2018,"24,35","67,79","0,53","18,01","110,54","1,78"
28/5/2018,"25,78","67,13","0,20","15,99","167,79","2,82"
29/5/2018,"27,05","67,13","0,60","5,84","262,67","4,27"
30/5/2018,"26,53","66,67","0,53","26,66","238,88","3,91"
31/5/2018,"27,35","66,54","1,33","0,25","205,63","3,80"
1/6/2018,"27,92","66,67","4,14","0,00","249,17","4,76"
2/6/2018,"25,75","66,71","1,20","20,83","176,67","3,24"
3/6/2018,"27,35","66,96","2,33","0,50","296,71","5,22"
4/6/2018,"27,30","67,08","3,00","0,00","159,21","3,05"
5/6/2018,"26,68","67,21","1,47","0,51","156,71","2,85"
6/6/2018,"26,69","66,79","2,68","0,25","194,42","3,52"
7/6/2018,"25,54","66,13","0,73","3,81","124,46","2,14"
8/6/2018,"28,95","65,33","6,69","0,00","280,71","5,64"
9/6/2018,"28,24","64,83","5,49","0,00","280,29","5,46"
10/6/2018,"26,18","64,46","2,40","41,91","116,63","2,31"
11/6/2018,"26,16","64,08","0,53","21,33","220,96","3,66"
12/6/2018,"26,15","63,71","0,53","1,27","183,21","3,04"
13/6/2018,"26,56","63,38","0,67","13,71","227,50","3,73"
14/6/2018,"26,42","62,75","0,73","4,82","209,54","3,47"
15/6/2018,"25,35","62,50","0,67","14,47","160,75","2,61"
16/6/2018,"25,72","62,46","0,27","0,25","149,63","2,49"
17/6/2018,"27,08","62,38","0,73","0,25","199,04","3,40"
18/6/2018,"27,86","62,54","3,28","0,00","259,88","4,74"
19/6/2018,"24,60","62,29","0,27","17,28","48,75","0,80"
20/6/2018,"25,53","62,00","1,00","25,90","250,92","4,06"
21/6/2018,"25,89","62,21","0,80","19,31","267,21","4,39"
22/6/2018,"27,00","62,54","0,53","0,25","214,04","3,64"
23/6/2018,"26,66","62,54","1,67","40,89","203,21","3,53"
24/6/2018,"26,61","62,83","2,33","6,09","203,17","3,70"
25/6/2018,"27,96","62,29","4,47","0,00","262,71","4,92"
26/6/2018,"25,66","61,88","0,67","7,11","157,67","2,71"
27/6/2018,"25,98","61,42","2,81","0,25","218,58","4,05"
28/6/2018,"25,80","61,13","3,75","0,00","129,88","2,59"
29/6/2018,"26,21","60,88","2,53","0,00","204,21","3,79"
30/6/2018,"27,44","60,58","4,61","0,25","268,38","5,08"
1/7/2018,"26,55","60,63","3,75","0,00","238,08","4,33"
2/7/2018,"25,68","60,75","2,87","1,77","130,21","2,49"
3/7/2018,"26,64","61,21","5,27","0,00","203,96","3,99"
4/7/2018,"25,66","61,38","0,80","0,00","187,96","3,29"
5/7/2018,"27,11","61,63","4,47","0,50","155,88","3,18"
6/7/2018,"26,59","61,79","3,00","0,00","148,25","2,89"
7/7/2018,"28,04","61,92","8,05","0,25","225,54","4,73"
8/7/2018,"28,74","62,38","9,81","0,00","285,67","5,98"
9/7/2018,"28,55","62,75","5,74","0,00","237,29","4,88"
10/7/2018,"28,60","63,25","7,90","0,00","220,21","4,76"
11/7/2018,"25,86","63,96","1,13","0,00","145,46","2,81"
12/7/2018,"28,11","64,92","2,93","0,00","229,50","4,41"
13/7/2018,"28,29","65,67","7,01","0,00","200,50","4,37"
14/7/2018,"27,59","66,88","6,97","1,02","150,29","3,52"
15/7/2018,"26,25","67,58","4,22","8,37","185,08","3,47"
16/7/2018,"27,14","68,04","4,73","4,82","156,67","3,18"
17/7/2018,"27,68","68,46","7,30","0,00","243,29","5,03"
18/7/2018,"27,92","68,46","5,81","0,00","198,63","4,21"
19/7/2018,"28,32","69,00","7,03","0,00","212,83","4,60"
20/7/2018,"27,52","69,92","7,01","0,00","129,75","3,12"
21/7/2018,"27,04","70,58","3,34","0,00","185,67","3,67"
22/7/2018,"26,83","71,17","3,07","0,25","122,42","2,66"
23/7/2018,"27,73","71,50","3,94","0,00","195,96","3,90"
24/7/2018,"28,62","71,21","4,54","0,00","253,79","4,86"
25/7/2018,"27,95","71,29","6,23","2,03","253,08","5,15"
26/7/2018,"26,13","71,54","1,87","0,00","109,13","2,13"
27/7/2018,"26,75","72,00","2,67","1,02","210,33","4,01"
28/7/2018,"25,75","71,96","1,67","3,30","157,50","2,80"
29/7/2018,"27,06","72,08","1,47","0,00","277,21","4,63"
30/7/2018,"26,43","72,00","2,60","0,25","181,00","3,35"
31/7/2018,"26,70","72,21","2,20","2,80","268,42","4,69"
1/8/2018,"25,96","72,50","0,60","0,25","178,33","3,07"
2/8/2018,"25,59","72,38","1,53","0,75","151,25","2,65"
3/8/2018,"26,09","72,42","1,13","0,75","163,04","2,93"
4/8/2018,"25,96","72,17","0,67","0,50","167,00","2,91"
5/8/2018,"27,95","71,67","6,16","0,00","256,04","5,03"
6/8/2018,"28,12","71,08","4,07","0,00","268,38","5,04"
7/8/2018,"27,49","70,71","4,33","8,63","164,79","3,34"
8/8/2018,"28,31","70,46","4,60","0,00","228,71","4,39"
9/8/2018,"28,49","70,92","4,53","1,27","197,33","3,98"
10/8/2018,"28,08","71,33","5,60","1,52","230,75","4,50"
11/8/2018,"28,78","71,58","7,16","0,00","258,83","5,40"
12/8/2018,"28,63","71,58","4,34","0,00","267,58","5,15"
13/8/2018,"26,55","71,83","3,62","0,25","219,58","4,19"
14/8/2018,"26,28","71,92","2,20","0,00","237,38","4,26"
15/8/2018,"26,92","72,00","2,47","0,00","288,42","5,24"
16/8/2018,"26,15","72,08","0,73","8,89","220,00","3,72"
17/8/2018,"27,84","72,21","2,53","0,00","222,38","4,13"
18/8/2018,"29,13","72,88","5,48","0,00","295,21","6,00"
19/8/2018,"28,02","73,21","3,47","0,00","285,63","5,44"
20/8/2018,"27,39","73,46","4,60","0,00","205,75","4,06"
21/8/2018,"27,81","73,38","3,60","1,26","145,92","3,24"
22/8/2018,"29,51","73,13","6,48","0,00","270,38","5,48"
23/8/2018,"26,81","72,96","5,23","0,50","179,08","3,84"
24/8/2018,"26,35","73,00","3,74","0,00","262,67","4,86"
25/8/2018,"27,37","72,83","2,33","0,00","224,29","4,28"
26/8/2018,"26,20","72,46","2,47","0,00","125,71","2,44"
27/8/2018,"26,47","72,29","2,27","0,00","166,88","3,17"
28/8/2018,"26,60","72,08","2,47","0,00","194,50","3,76"
29/8/2018,"27,76","71,71","4,34","0,00","272,71","5,15"
30/8/2018,"27,16","71,17","4,61","0,00","186,21","3,88"
31/8/2018,"25,70","70,50","1,00","0,00","162,96","2,95"
1/9/2018,"26,37","69,75","0,53","0,25","163,33","2,90"
2/9/2018,"26,55","68,75","1,93","0,25","187,88","3,53"
3/9/2018,"26,50","67,58","1,53","0,00","214,63","3,83"
4/9/2018,"27,88","66,21","3,60","0,00","263,54","5,10"
5/9/2018,"25,88","65,13","0,67","0,00","124,83","2,20"
6/9/2018,"25,75","65,13","0,80","31,75","211,00","3,72"
7/9/2018,"24,80","63,75","0,33","5,32","160,08","2,60"
8/9/2018,"24,68","62,63","0,60","21,58","111,75","1,90"
9/9/2018,"26,03","61,71","0,67","2,28","221,38","3,59"
10/9/2018,"26,15","60,75","0,73","32,25","244,33","3,94"
11/9/2018,"25,89","60,00","0,53","20,58","241,58","3,87"
12/9/2018,"26,96","59,08","0,47","6,10","226,63","3,75"
13/9/2018,"26,77","58,08","0,67","0,25","259,17","4,33"
14/9/2018,"26,23","57,13","0,87","1,01","212,21","3,54"
15/9/2018,"26,38","56,58","0,53","2,80","214,21","3,49"
16/9/2018,"26,60","56,79","0,53","17,77","213,96","3,68"
17/9/2018,"27,00","56,88","0,73","0,25","253,21","4,15"
18/9/2018,"27,40","56,75","1,40","6,09","283,29","4,86"
19/9/2018,"27,10","56,67","1,67","0,00","173,63","3,19"
20/9/2018,"25,69","56,83","0,53","0,51","94,21","1,55"
21/9/2018,"26,81","57,04","1,60","0,25","222,21","3,95"
22/9/2018,"26,24","57,17","0,87","3,30","179,08","3,03"
23/9/2018,"25,96","57,04","2,81","0,00","191,38","3,52"
24/9/2018,"26,23","57,13","2,94","0,00","191,38","3,66"
25/9/2018,"25,80","57,46","1,20","1,52","176,08","3,08"
26/9/2018,"26,44","57,67","2,20","0,00","209,58","3,89"
27/9/2018,"26,45","58,04","1,93","0,00","256,00","4,56"
28/9/2018,"25,48","58,46","0,40","6,61","156,83","2,62"
29/9/2018,"26,50","59,04","1,93","0,25","206,38","3,71"
30/9/2018,"25,70","59,42","1,27","18,29","164,13","2,78"
1/10/2018,"25,99","59,42","1,00","52,81","243,54","4,07"
2/10/2018,"24,47","60,00","0,40","25,91","128,00","2,12"
3/10/2018,"24,58","60,29","2,47","0,76","133,75","2,32"
4/10/2018,"23,36","60,17","3,40","12,96","58,17","0,90"
5/10/2018,"22,59","60,17","2,00","74,15","39,21","0,60"
6/10/2018,"25,01","59,88","1,40","0,00","152,46","2,53"
7/10/2018,"26,06","60,00","0,73","0,00","260,33","4,18"
8/10/2018,"25,92","60,46","0,47","0,51","154,08","2,67"
9/10/2018,"25,93","60,58","0,47","1,52","179,13","3,07"
10/10/2018,"25,95","60,46","0,60","0,25","209,08","3,35"
11/10/2018,"25,28","60,25","0,33","4,06","141,58","2,41"
12/10/2018,"24,22","60,33","0,13","52,84","71,00","1,13"
13/10/2018,"23,90","60,58","0,07","8,88","111,42","1,74"
14/10/2018,"23,92","60,92","0,20","15,22","88,67","1,43"
15/10/2018,"24,44","61,25","0,40","13,45","107,67","1,73"
16/10/2018,"22,98","61,54","1,20","91,44","28,71","0,50"
17/10/2018,"23,95","61,92","0,73","38,34","101,13","1,58"
18/10/2018,"24,68","62,29","0,33","10,16","160,92","2,55"
19/10/2018,"26,29","62,67","0,80","0,00","222,42","3,55"
20/10/2018,"26,14","62,71","2,67","0,25","219,88","3,94"
21/10/2018,"27,19","62,71","4,83","0,00","266,92","5,23"
22/10/2018,"26,75","62,58","3,07","0,00","246,38","4,60"
23/10/2018,"26,48","62,63","2,20","0,00","239,04","4,23"
24/10/2018,"26,35","62,67","1,80","0,00","255,13","4,47"
25/10/2018,"25,42","62,63","2,95","0,00","182,33","3,32"
26/10/2018,"25,68","62,63","0,80","0,00","162,54","2,82"
27/10/2018,"26,04","62,50","0,67","0,76","157,08","2,62"
28/10/2018,"25,45","62,63","2,53","6,09","81,21","1,59"
29/10/2018,"27,12","62,79","5,35","0,00","231,13","4,41"
30/10/2018,"27,35","63,00","4,15","0,00","248,58","4,73"
31/10/2018,"26,39","63,33","2,20","0,00","224,04","3,94"
1/11/2018,"25,85","63,33","0,47","0,00","225,21","3,58"
2/11/2018,"26,05","62,96","0,80","4,82","219,71","3,59"
3/11/2018,"26,11","62,79","1,20","0,25","229,25","3,82"
4/11/2018,"25,13","62,88","0,93","19,29","134,79","2,27"
5/11/2018,"25,80","62,83","0,93","7,11","239,04","3,82"
6/11/2018,"26,27","62,63","1,67","0,25","245,92","4,10"
7/11/2018,"26,40","62,42","2,00","2,29","254,79","4,42"
8/11/2018,"26,34","62,00","1,47","0,50","221,29","3,79"
9/11/2018,"26,50","61,54","0,93","0,00","236,42","3,97"
10/11/2018,"26,68","61,08","3,94","0,00","244,08","4,39"
11/11/2018,"27,34","60,63","7,48","0,00","171,50","3,80"
12/11/2018,"27,53","60,46","5,60","0,00","156,42","3,44"
13/11/2018,"28,20","60,21","5,14","0,00","241,71","4,81"
14/11/2018,"26,80","60,25","3,47","0,00","216,58","4,03"
15/11/2018,"27,19","60,25","7,12","0,25","239,88","4,68"
16/11/2018,"26,63","60,21","5,22","0,00","145,38","3,17"
17/11/2018,"27,56","59,96","5,35","0,00","223,33","4,39"
18/11/2018,"28,22","59,71","8,16","0,00","211,83","4,51"
19/11/2018,"27,68","59,58","4,61","0,00","177,00","3,65"
20/11/2018,"27,46","59,58","5,55","0,00","160,17","3,44"
21/11/2018,"26,65","59,38","3,60","0,00","119,21","2,49"
22/11/2018,"26,84","58,92","4,74","0,25","196,17","3,83"
23/11/2018,"28,00","58,79","5,74","0,00","243,17","4,84"
24/11/2018,"26,47","58,92","2,47","0,00","238,33","4,33"
25/11/2018,"27,71","58,67","4,20","0,00","241,83","4,55"
26/11/2018,"27,02","58,42","3,00","0,00","246,29","4,64"
27/11/2018,"25,80","58,50","1,80","0,00","207,50","3,69"
28/11/2018,"26,20","58,58","2,00","0,00","182,17","3,34"
29/11/2018,"26,29","58,67","2,94","0,00","224,71","4,25"
30/11/2018,"26,28","58,96","1,73","0,00","235,96","4,17"
1/12/2018,"25,82","59,25","1,13","0,00","203,29","3,54"
2/12/2018,"25,95","59,46","1,20","0,00","209,79","3,59"
3/12/2018,"26,39","59,88","1,87","0,00","224,96","3,92"
4/12/2018,"26,40","60,17","3,61","0,00","509,25","2,33"
5/12/2018,"27,32","60,38","6,35","0,00","348,46","4,80"
6/12/2018,"26,10","60,67","4,87","0,00","165,29","3,38"
7/12/2018,"26,74","60,88","3,73","0,00","210,83","4,02"
8/12/2018,"26,81","60,88","3,33","0,00","238,75","4,64"
9/12/2018,"27,00","60,75","4,67","0,00","236,00","4,75"
10/12/2018,"27,35","60,54","8,65","0,00","236,88","5,02"
11/12/2018,"26,80","60,63","9,74","0,00","240,71","5,05"
12/12/2018,"27,59","60,83","8,45","0,00","238,13","5,33"
13/12/2018,"25,36","61,04","3,00","0,00","235,54","4,52"
14/12/2018,"25,95","61,17","0,53","0,00","183,83","3,25"
15/12/2018,"27,01","61,17","8,00","0,00","233,46","4,85"
16/12/2018,"27,94","61,46","9,87","0,00","234,96","5,23"
17/12/2018,"27,07","61,79","9,04","0,00","236,83","5,03"
18/12/2018,"25,37","61,79","3,27","0,00","193,04","3,84"
19/12/2018,"25,43","61,50","1,00","0,00","224,00","3,92"
20/12/2018,"25,40","61,42","0,33","0,00","190,00","3,20"
21/12/2018,"25,77","61,46","6,25","0,00","223,33","4,67"
22/12/2018,"25,90","61,42","8,92","0,00","218,17","4,89"
23/12/2018,"26,65","61,42","11,15","0,00","235,75","5,27"
24/12/2018,"27,50","61,46","9,31","0,00","237,67","5,45"
25/12/2018,"27,59","61,42","10,28","0,00","236,04","5,48"
26/12/2018,"27,60","61,50","9,88","0,00","234,21","5,42"
27/12/2018,"27,98","61,63","7,14","0,00","235,75","5,39"
28/12/2018,"26,28","61,58","5,76","0,00","236,67","4,90"
29/12/2018,"27,79","61,63","9,73","0,00","235,17","5,41"
30/12/2018,"28,15","61,88","9,13","0,00","237,25","5,61"
31/12/2018,"27,93","62,00","10,34","0,00","242,38","5,91"
1/1/2019,"28,25","62,13","10,68","0,00","238,83","5,70"
2/1/2019,"27,65","62,33","12,77","0,00","237,54","5,83"
3/1/2019,"27,68","62,54","10,01","0,00","237,67","5,48"
4/1/2019,"28,13","62,88","8,31","6,34","225,92","5,16"
5/1/2019,"28,36","63,08","11,02","0,00","237,58","5,68"
6/1/2019,"28,00","63,29","11,75","0,00","240,79","5,75"
7/1/2019,"27,60","63,46","6,82","0,00","244,17","5,33"
8/1/2019,"25,87","63,63","4,54","0,00","241,71","5,03"
9/1/2019,"26,61","63,63","4,68","0,00","245,50","5,24"
10/1/2019,"24,96","63,83","5,31","0,00","241,83","5,00"
11/1/2019,"26,58","63,75","7,50","0,00","247,13","5,52"
12/1/2019,"26,18","64,29","6,57","0,00","246,96","5,30"
13/1/2019,"26,96","64,88","9,40","0,00","247,58","5,58"
14/1/2019,"26,22","65,58","10,27","0,00","215,63","4,90"
15/1/2019,"26,73","66,33","11,37","0,00","211,54","5,10"
16/1/2019,"26,81","66,92","11,17","0,00","247,83","5,79"
17/1/2019,"27,35","67,08","11,08","0,00","249,79","5,99"
18/1/2019,"27,46","67,00","10,48","0,00","253,21","6,09"
19/1/2019,"27,52","66,92","6,75","0,00","252,04","5,29"
20/1/2019,"27,66","66,83","10,20","0,00","235,96","5,70"
21/1/2019,"27,89","66,88","11,63","0,00","249,46","6,27"
22/1/2019,"27,50","67,04","13,03","0,00","252,21","6,31"
23/1/2019,"27,98","67,17","10,08","0,00","250,38","5,95"
24/1/2019,"27,39","67,00","6,52","0,00","250,63","5,38"
25/1/2019,"28,10","66,96","10,01","0,00","205,33","5,18"
26/1/2019,"28,73","66,96","9,00","0,00","252,17","6,05"
27/1/2019,"26,71","67,21","1,07","0,00","254,58","4,63"
28/1/2019,"26,36","67,50","5,63","0,00","253,54","5,26"
29/1/2019,"27,25","67,58","3,53","0,00","250,71","4,94"
30/1/2019,"27,96","67,58","8,30","0,00","228,46","5,35"
31/1/2019,"27,56","67,54","9,94","0,00","258,33","6,16"
1/2/2019,"27,51","67,54","5,14","0,00","259,50","5,65"
2/2/2019,"27,12","67,58","6,10","0,00","258,63","5,68"
3/2/2019,"28,14","67,58","9,05","0,00","261,42","6,14"
4/2/2019,"28,40","67,58","9,48","0,00","262,42","6,37"
5/2/2019,"27,51","68,08","9,80","0,00","264,83","6,23"
6/2/2019,"28,31","68,17","11,36","0,00","266,46","6,68"
7/2/2019,"28,24","67,79","10,02","0,00","266,67","6,46"
8/2/2019,"27,99","67,29","11,70","0,00","267,38","6,68"
9/2/2019,"27,62","67,04","13,10","0,00","269,04","6,64"
10/2/2019,"27,60","67,00","11,76","0,00","269,58","6,49"
11/2/2019,"28,05","67,08","10,14","0,00","269,96","6,43"
12/2/2019,"27,08","67,25","3,88","0,00","252,00","5,18"
13/2/2019,"27,45","67,21","5,78","0,00","269,33","5,75"
14/2/2019,"28,67","67,21","8,12","0,00","268,63","6,39"
15/2/2019,"27,16","67,13","3,28","0,00","270,58","5,36"
16/2/2019,"27,16","66,96","1,20","0,00","255,42","4,74"
17/2/2019,"28,09","66,92","1,00","0,00","245,50","4,51"
18/2/2019,"28,65","66,96","5,48","0,00","261,96","5,58"
19/2/2019,"29,08","67,00","7,90","0,00","270,71","6,16"
20/2/2019,"27,20","67,04","2,13","0,00","273,67","5,43"
21/2/2019,"27,83","67,08","2,73","0,00","271,21","5,39"
22/2/2019,"28,86","67,13","6,01","0,00","269,71","5,87"
23/2/2019,"28,75","67,21","7,12","0,00","272,46","6,06"
24/2/2019,"28,78","67,17","10,61","0,00","270,54","6,33"
25/2/2019,"27,66","67,00","10,80","0,00","267,33","5,93"
26/2/2019,"27,70","66,92","11,95","0,00","268,92","6,45"
27/2/2019,"28,02","66,75","9,34","0,00","267,21","6,06"
28/2/2019,"28,55","66,75","9,38","0,00","265,08","6,18"
1/3/2019,"29,32","66,54","6,14","0,00","267,75","5,70"
2/3/2019,"27,60","66,21","3,93","0,00","237,00","5,18"
3/3/2019,"28,46","65,71","7,50","0,00","213,04","5,14"
4/3/2019,"27,88","65,58","4,27","0,00","248,71","5,41"
5/3/2019,"29,06","65,54","10,41","0,00","269,29","6,63"
6/3/2019,"27,77","65,46","11,55","0,00","275,75","6,28"
7/3/2019,"28,00","65,13","13,43","0,00","278,50","6,72"
8/3/2019,"28,27","65,00","13,10","0,00","285,42","7,15"
9/3/2019,"28,74","64,75","11,30","0,00","285,21","6,99"
10/3/2019,"28,90","64,67","10,82","0,00","283,33","6,88"
11/3/2019,"29,25","64,50","11,29","0,00","279,08","6,76"
12/3/2019,"28,76","64,33","12,63","0,00","285,67","7,11"
13/3/2019,"28,98","64,17","9,95","0,00","284,21","6,83"
14/3/2019,"28,53","63,92","5,63","0,00","284,33","6,32"
15/3/2019,"28,02","63,79","5,91","0,00","273,13","6,01"
16/3/2019,"28,30","63,54","9,47","0,00","273,17","6,38"
17/3/2019,"28,80","63,33","11,55","0,00","286,21","7,06"
18/3/2019,"29,07","62,67","9,33","0,00","265,33","6,61"
19/3/2019,"28,62","62,04","4,68","0,00","285,42","6,23"
20/3/2019,"27,88","61,63","6,24","0,00","285,21","6,32"
21/3/2019,"29,24","61,33","10,61","0,00","284,75","6,97"
22/3/2019,"28,44","61,33","11,63","0,00","290,13","7,27"
23/3/2019,"28,59","61,21","10,41","0,00","292,21","7,11"
24/3/2019,"28,97","61,08","8,98","0,00","291,04","6,96"
25/3/2019,"28,97","61,08","9,33","0,00","288,33","6,63"
26/3/2019,"29,26","61,04","11,56","0,00","288,92","7,12"
27/3/2019,"28,85","60,88","11,48","0,00","290,67","7,23"
28/3/2019,"29,20","60,83","11,69","0,00","293,38","7,19"
29/3/2019,"29,04","60,96","6,16","0,00","288,58","6,36"
30/3/2019,"26,21","67,16","1,43","0,00","115,16","2,18"
31/3/2019,"27,44","63,38","1,90","0,00","198,71","3,75"
